# time,Voltage_channel_1,Voltage_channel_2
0.000000000000000000e+00,-5.200025999999999737e-04,5.999817999999999818e-02
8.000000000000000167e-08,1.999974999999999973e-04,9.999818000000000595e-02
1.600000000000000033e-07,1.199975000000000043e-04,7.999818000000000207e-02
2.400000000000000315e-07,-5.200025999999999737e-04,5.999817999999999818e-02
3.200000000000000067e-07,-5.200025999999999737e-04,7.999818000000000207e-02
3.999999999999999819e-07,1.199975000000000043e-04,5.999817999999999818e-02
4.800000000000000630e-07,-5.200025999999999737e-04,7.999818000000000207e-02
5.600000000000000382e-07,1.999974999999999973e-04,5.999817999999999818e-02
6.400000000000000134e-07,-2.800025000000000148e-04,7.999818000000000207e-02
7.199999999999999886e-07,3.199974999999999868e-04,5.999817999999999818e-02
7.999999999999999638e-07,3.199974999999999868e-04,7.999818000000000207e-02
8.800000000000000449e-07,-3.600025000000000078e-04,5.999817999999999818e-02
9.600000000000001260e-07,3.599974999999999833e-04,5.999817999999999818e-02
1.039999999999999995e-06,-3.200025000000000113e-04,7.999818000000000207e-02
1.120000000000000076e-06,4.399974999999999763e-04,7.999818000000000207e-02
1.199999999999999946e-06,-2.800025000000000148e-04,5.999817999999999818e-02
1.280000000000000027e-06,3.599974999999999833e-04,7.999818000000000207e-02
1.360000000000000108e-06,-3.600025000000000078e-04,5.999817999999999818e-02
1.439999999999999977e-06,-2.800025000000000148e-04,5.999817999999999818e-02
1.520000000000000058e-06,4.799975000000000270e-04,7.999818000000000207e-02
1.599999999999999928e-06,5.599975999999999999e-04,7.999818000000000207e-02
1.680000000000000009e-06,-2.800025000000000148e-04,5.999817999999999818e-02
1.760000000000000090e-06,-3.200025000000000113e-04,7.999818000000000207e-02
1.839999999999999959e-06,6.399975999999999929e-04,5.999817999999999818e-02
1.920000000000000252e-06,6.399975999999999929e-04,7.999818000000000207e-02
1.999999999999999909e-06,-8.000249000000000455e-05,5.999817999999999818e-02
2.079999999999999991e-06,6.399975999999999929e-04,7.999818000000000207e-02
2.160000000000000072e-06,-2.000024999999999947e-04,5.999817999999999818e-02
2.240000000000000153e-06,5.999975999999999964e-04,7.999818000000000207e-02
2.320000000000000234e-06,-1.600024999999999982e-04,5.999817999999999818e-02
2.399999999999999891e-06,6.399975999999999929e-04,7.999818000000000207e-02
2.479999999999999972e-06,-8.000249000000000455e-05,5.999817999999999818e-02
2.560000000000000054e-06,-3.600025000000000078e-04,7.999818000000000207e-02
2.640000000000000135e-06,6.399975999999999929e-04,5.999817999999999818e-02
2.720000000000000216e-06,6.399975999999999929e-04,7.999818000000000207e-02
2.799999999999999873e-06,-2.800025000000000148e-04,5.999817999999999818e-02
2.879999999999999954e-06,6.399975999999999929e-04,7.999818000000000207e-02
2.960000000000000035e-06,-2.800025000000000148e-04,5.999817999999999818e-02
3.040000000000000117e-06,-8.000249000000000455e-05,7.999818000000000207e-02
3.120000000000000198e-06,7.599975999999999824e-04,5.999817999999999818e-02
3.199999999999999855e-06,6.399975999999999929e-04,7.999818000000000207e-02
3.279999999999999936e-06,-2.800025000000000148e-04,5.999817999999999818e-02
3.360000000000000017e-06,-2.488377999999999821e-09,7.999818000000000207e-02
3.440000000000000098e-06,9.999977000000001039e-04,5.999817999999999818e-02
3.520000000000000180e-06,1.079997999999999982e-03,7.999818000000000207e-02
3.600000000000000261e-06,1.599975000000000008e-04,5.999817999999999818e-02
3.679999999999999918e-06,1.199975000000000043e-04,7.999818000000000207e-02
3.759999999999999999e-06,9.999977000000001039e-04,5.999817999999999818e-02
3.840000000000000504e-06,9.999977000000001039e-04,7.999818000000000207e-02
3.919999999999999738e-06,1.999974999999999973e-04,5.999817999999999818e-02
3.999999999999999819e-06,9.199977000000000025e-04,7.999818000000000207e-02
4.079999999999999900e-06,1.199975000000000043e-04,5.999817999999999818e-02
4.159999999999999981e-06,2.799974999999999903e-04,5.999817999999999818e-02
4.240000000000000062e-06,9.199977000000000025e-04,7.999818000000000207e-02
4.320000000000000143e-06,9.199977000000000025e-04,7.999818000000000207e-02
4.400000000000000224e-06,1.599975000000000008e-04,5.999817999999999818e-02
4.480000000000000305e-06,7.999977000000000130e-04,7.999818000000000207e-02
4.560000000000000387e-06,1.199975000000000043e-04,5.999817999999999818e-02
4.640000000000000468e-06,7.199975999999999859e-04,7.999818000000000207e-02
4.719999999999999702e-06,-8.000249000000000455e-05,5.999817999999999818e-02
4.799999999999999783e-06,7.599975999999999824e-04,5.999817999999999818e-02
4.879999999999999864e-06,-4.000249000000000128e-05,7.999818000000000207e-02
4.959999999999999945e-06,-2.000024999999999947e-04,7.999818000000000207e-02
5.040000000000000026e-06,6.399975999999999929e-04,5.999817999999999818e-02
5.120000000000000107e-06,5.599975999999999999e-04,7.999818000000000207e-02
5.200000000000000188e-06,-3.600025000000000078e-04,5.999817999999999818e-02
5.280000000000000269e-06,4.799975000000000270e-04,7.999818000000000207e-02
5.360000000000000350e-06,-2.800025000000000148e-04,5.999817999999999818e-02
5.440000000000000431e-06,5.599975999999999999e-04,7.999818000000000207e-02
5.520000000000000513e-06,-3.200025000000000113e-04,5.999817999999999818e-02
5.599999999999999747e-06,-3.600025000000000078e-04,7.999818000000000207e-02
5.679999999999999828e-06,3.599974999999999833e-04,5.999817999999999818e-02
5.759999999999999909e-06,3.599974999999999833e-04,7.999818000000000207e-02
5.839999999999999990e-06,-3.200025000000000113e-04,5.999817999999999818e-02
5.920000000000000071e-06,4.799975000000000270e-04,5.999817999999999818e-02
6.000000000000000152e-06,-3.200025000000000113e-04,7.999818000000000207e-02
6.080000000000000233e-06,-4.400025000000000008e-04,5.999817999999999818e-02
6.160000000000000314e-06,3.599974999999999833e-04,7.999818000000000207e-02
6.240000000000000395e-06,-3.600025000000000078e-04,7.999818000000000207e-02
6.320000000000000476e-06,3.599974999999999833e-04,5.999817999999999818e-02
6.399999999999999710e-06,3.599974999999999833e-04,7.999818000000000207e-02
6.479999999999999791e-06,-5.200025999999999737e-04,5.999817999999999818e-02
6.559999999999999873e-06,-4.800024999999999973e-04,7.999818000000000207e-02
6.639999999999999954e-06,4.399974999999999763e-04,5.999817999999999818e-02
6.720000000000000035e-06,3.599974999999999833e-04,5.999817999999999818e-02
6.800000000000000116e-06,-4.400025000000000008e-04,7.999818000000000207e-02
6.880000000000000197e-06,3.199974999999999868e-04,7.999818000000000207e-02
6.960000000000000278e-06,-4.800024999999999973e-04,5.999817999999999818e-02
7.040000000000000359e-06,-3.600025000000000078e-04,5.999817999999999818e-02
7.120000000000000440e-06,3.599974999999999833e-04,9.999818000000000595e-02
7.200000000000000521e-06,3.599974999999999833e-04,7.999818000000000207e-02
7.279999999999999755e-06,-3.600025000000000078e-04,5.999817999999999818e-02
7.359999999999999836e-06,1.999974999999999973e-04,5.999817999999999818e-02
7.439999999999999917e-06,-5.200025999999999737e-04,1.199981999999999993e-01
7.519999999999999999e-06,-2.488377999999999821e-09,5.999817999999999818e-02
7.600000000000000080e-06,-6.000025999999999667e-04,9.999818000000000595e-02
7.680000000000001008e-06,1.199975000000000043e-04,7.999818000000000207e-02
7.760000000000000242e-06,-8.000026999999999833e-04,5.999817999999999818e-02
7.839999999999999476e-06,3.999750999999999849e-05,5.999817999999999818e-02
7.920000000000000404e-06,-6.800025999999999597e-04,9.999818000000000595e-02
7.999999999999999638e-06,-2.488377999999999821e-09,7.999818000000000207e-02
8.080000000000000566e-06,-6.400025999999999632e-04,5.999817999999999818e-02
8.159999999999999800e-06,-6.800025999999999597e-04,5.999817999999999818e-02
8.240000000000000728e-06,1.199975000000000043e-04,1.199981999999999993e-01
8.319999999999999962e-06,-6.400025999999999632e-04,7.999818000000000207e-02
8.400000000000000890e-06,1.199975000000000043e-04,5.999817999999999818e-02
8.480000000000000124e-06,-6.800025999999999597e-04,5.999817999999999818e-02
8.559999999999999359e-06,2.799974999999999903e-04,7.999818000000000207e-02
8.640000000000000287e-06,3.199974999999999868e-04,7.999818000000000207e-02
8.719999999999999521e-06,-5.200025999999999737e-04,5.999817999999999818e-02
8.800000000000000449e-06,-3.600025000000000078e-04,7.999818000000000207e-02
8.879999999999999683e-06,2.799974999999999903e-04,5.999817999999999818e-02
8.960000000000000611e-06,3.599974999999999833e-04,5.999817999999999818e-02
9.039999999999999845e-06,-4.800024999999999973e-04,7.999818000000000207e-02
9.120000000000000773e-06,-3.600025000000000078e-04,7.999818000000000207e-02
9.200000000000000007e-06,4.799975000000000270e-04,5.999817999999999818e-02
9.280000000000000935e-06,-2.000024999999999947e-04,7.999818000000000207e-02
9.360000000000000169e-06,5.599975999999999999e-04,5.999817999999999818e-02
9.439999999999999403e-06,-2.000024999999999947e-04,7.999818000000000207e-02
9.520000000000000332e-06,4.799975000000000270e-04,5.999817999999999818e-02
9.599999999999999566e-06,-2.800025000000000148e-04,7.999818000000000207e-02
9.680000000000000494e-06,4.799975000000000270e-04,5.999817999999999818e-02
9.759999999999999728e-06,-2.000024999999999947e-04,7.999818000000000207e-02
9.840000000000000656e-06,6.399975999999999929e-04,5.999817999999999818e-02
9.919999999999999890e-06,-8.000249000000000455e-05,5.999817999999999818e-02
1.000000000000000082e-05,5.999975999999999964e-04,7.999818000000000207e-02
1.008000000000000005e-05,5.999975999999999964e-04,7.999818000000000207e-02
1.016000000000000098e-05,-8.000249000000000455e-05,5.999817999999999818e-02
1.024000000000000021e-05,5.999975999999999964e-04,5.999817999999999818e-02
1.031999999999999945e-05,-8.000249000000000455e-05,7.999818000000000207e-02
1.040000000000000038e-05,6.399975999999999929e-04,7.999818000000000207e-02
1.047999999999999961e-05,-2.000024999999999947e-04,5.999817999999999818e-02
1.056000000000000054e-05,-8.000249000000000455e-05,5.999817999999999818e-02
1.063999999999999977e-05,6.399975999999999929e-04,7.999818000000000207e-02
1.072000000000000070e-05,6.399975999999999929e-04,7.999818000000000207e-02
1.079999999999999993e-05,-4.000249000000000128e-05,5.999817999999999818e-02
1.088000000000000086e-05,-8.000249000000000455e-05,7.999818000000000207e-02
1.096000000000000010e-05,7.599975999999999824e-04,5.999817999999999818e-02
1.104000000000000103e-05,7.599975999999999824e-04,7.999818000000000207e-02
1.112000000000000026e-05,-8.000249000000000455e-05,5.999817999999999818e-02
1.119999999999999949e-05,7.599975999999999824e-04,7.999818000000000207e-02
1.128000000000000042e-05,-1.600024999999999982e-04,5.999817999999999818e-02
1.135999999999999966e-05,-2.488377999999999821e-09,7.999818000000000207e-02
1.144000000000000058e-05,8.399977000000000095e-04,3.999818000000000123e-02
1.151999999999999982e-05,9.999977000000001039e-04,7.999818000000000207e-02
1.160000000000000075e-05,1.599975000000000008e-04,5.999817999999999818e-02
1.167999999999999998e-05,2.799974999999999903e-04,7.999818000000000207e-02
1.176000000000000091e-05,9.999977000000001039e-04,3.999818000000000123e-02
1.184000000000000014e-05,1.119998000000000087e-03,7.999818000000000207e-02
1.192000000000000107e-05,2.799974999999999903e-04,3.999818000000000123e-02
1.200000000000000030e-05,9.999977000000001039e-04,5.999817999999999818e-02
1.207999999999999954e-05,1.999974999999999973e-04,7.999818000000000207e-02
1.216000000000000047e-05,2.799974999999999903e-04,7.999818000000000207e-02
1.223999999999999970e-05,9.199977000000000025e-04,5.999817999999999818e-02
1.232000000000000063e-05,9.199977000000000025e-04,7.999818000000000207e-02
1.239999999999999986e-05,2.799974999999999903e-04,5.999817999999999818e-02
1.248000000000000079e-05,7.999977000000000130e-04,7.999818000000000207e-02
1.256000000000000002e-05,1.199975000000000043e-04,5.999817999999999818e-02
1.264000000000000095e-05,7.599975999999999824e-04,7.999818000000000207e-02
1.272000000000000019e-05,-2.488377999999999821e-09,5.999817999999999818e-02
1.279999999999999942e-05,6.399975999999999929e-04,7.999818000000000207e-02
1.288000000000000035e-05,-8.000249000000000455e-05,5.999817999999999818e-02
1.295999999999999958e-05,-2.488377999999999821e-09,7.999818000000000207e-02
1.304000000000000051e-05,5.999975999999999964e-04,5.999817999999999818e-02
1.311999999999999975e-05,-4.000249000000000128e-05,7.999818000000000207e-02
1.320000000000000067e-05,5.999975999999999964e-04,5.999817999999999818e-02
1.327999999999999991e-05,-2.800025000000000148e-04,5.999817999999999818e-02
1.336000000000000084e-05,5.999975999999999964e-04,7.999818000000000207e-02
1.344000000000000007e-05,-8.000249000000000455e-05,7.999818000000000207e-02
1.352000000000000100e-05,6.399975999999999929e-04,5.999817999999999818e-02
1.360000000000000023e-05,4.799975000000000270e-04,7.999818000000000207e-02
1.367999999999999947e-05,-4.400025000000000008e-04,5.999817999999999818e-02
1.376000000000000039e-05,3.599974999999999833e-04,7.999818000000000207e-02
1.383999999999999963e-05,-3.600025000000000078e-04,5.999817999999999818e-02
1.392000000000000056e-05,-3.200025000000000113e-04,7.999818000000000207e-02
1.399999999999999979e-05,4.799975000000000270e-04,5.999817999999999818e-02
1.408000000000000072e-05,4.799975000000000270e-04,5.999817999999999818e-02
1.415999999999999995e-05,-4.400025000000000008e-04,7.999818000000000207e-02
1.424000000000000088e-05,3.599974999999999833e-04,7.999818000000000207e-02
1.432000000000000011e-05,-3.600025000000000078e-04,5.999817999999999818e-02
1.440000000000000104e-05,3.599974999999999833e-04,7.999818000000000207e-02
1.448000000000000028e-05,-3.600025000000000078e-04,5.999817999999999818e-02
1.455999999999999951e-05,-3.600025000000000078e-04,7.999818000000000207e-02
1.464000000000000044e-05,4.399974999999999763e-04,5.999817999999999818e-02
1.471999999999999967e-05,4.399974999999999763e-04,7.999818000000000207e-02
1.480000000000000060e-05,-4.400025000000000008e-04,5.999817999999999818e-02
1.487999999999999983e-05,4.399974999999999763e-04,5.999817999999999818e-02
1.496000000000000076e-05,-6.400025999999999632e-04,7.999818000000000207e-02
1.504000000000000000e-05,-3.200025000000000113e-04,5.999817999999999818e-02
1.512000000000000093e-05,4.799975000000000270e-04,7.999818000000000207e-02
1.520000000000000016e-05,-3.200025000000000113e-04,7.999818000000000207e-02
1.527999999999999939e-05,3.199974999999999868e-04,5.999817999999999818e-02
1.536000000000000202e-05,2.799974999999999903e-04,5.999817999999999818e-02
1.544000000000000125e-05,-5.200025999999999737e-04,1.199981999999999993e-01
1.552000000000000048e-05,-6.400025999999999632e-04,5.999817999999999818e-02
1.559999999999999972e-05,1.199975000000000043e-04,9.999818000000000595e-02
1.567999999999999895e-05,-6.800025999999999597e-04,5.999817999999999818e-02
1.576000000000000157e-05,-2.488377999999999821e-09,9.999818000000000595e-02
1.584000000000000081e-05,1.199975000000000043e-04,7.999818000000000207e-02
1.592000000000000004e-05,-8.000026999999999833e-04,5.999817999999999818e-02
1.599999999999999928e-05,3.999750999999999849e-05,5.999817999999999818e-02
1.608000000000000190e-05,-6.000025999999999667e-04,1.199981999999999993e-01
1.616000000000000113e-05,-5.200025999999999737e-04,5.999817999999999818e-02
1.624000000000000037e-05,1.199975000000000043e-04,1.199981999999999993e-01
1.631999999999999960e-05,-5.200025999999999737e-04,7.999818000000000207e-02
1.639999999999999883e-05,1.599975000000000008e-04,5.999817999999999818e-02
1.648000000000000146e-05,2.799974999999999903e-04,5.999817999999999818e-02
1.656000000000000069e-05,-6.400025999999999632e-04,9.999818000000000595e-02
1.663999999999999992e-05,-5.200025999999999737e-04,5.999817999999999818e-02
1.671999999999999916e-05,3.599974999999999833e-04,1.199981999999999993e-01
1.680000000000000178e-05,-4.800024999999999973e-04,7.999818000000000207e-02
1.688000000000000101e-05,3.599974999999999833e-04,5.999817999999999818e-02
1.696000000000000025e-05,-3.600025000000000078e-04,5.999817999999999818e-02
1.703999999999999948e-05,3.599974999999999833e-04,9.999818000000000595e-02
1.711999999999999872e-05,-2.000024999999999947e-04,5.999817999999999818e-02
1.720000000000000134e-05,4.799975000000000270e-04,9.999818000000000595e-02
1.728000000000000057e-05,3.599974999999999833e-04,7.999818000000000207e-02
1.735999999999999981e-05,-2.800025000000000148e-04,5.999817999999999818e-02
1.743999999999999904e-05,4.799975000000000270e-04,7.999818000000000207e-02
1.752000000000000166e-05,-1.600024999999999982e-04,5.999817999999999818e-02
1.760000000000000090e-05,-3.200025000000000113e-04,7.999818000000000207e-02
1.768000000000000013e-05,5.999975999999999964e-04,5.999817999999999818e-02
1.775999999999999937e-05,7.599975999999999824e-04,7.999818000000000207e-02
1.784000000000000199e-05,-3.200025000000000113e-04,5.999817999999999818e-02
1.792000000000000122e-05,6.399975999999999929e-04,7.999818000000000207e-02
1.800000000000000046e-05,-1.600024999999999982e-04,5.999817999999999818e-02
1.807999999999999969e-05,-1.600024999999999982e-04,7.999818000000000207e-02
1.815999999999999892e-05,6.399975999999999929e-04,5.999817999999999818e-02
1.824000000000000155e-05,-3.200025000000000113e-04,7.999818000000000207e-02
1.832000000000000078e-05,7.199975999999999859e-04,5.999817999999999818e-02
1.840000000000000001e-05,5.999975999999999964e-04,7.999818000000000207e-02
1.847999999999999925e-05,-2.800025000000000148e-04,5.999817999999999818e-02
1.856000000000000187e-05,6.399975999999999929e-04,7.999818000000000207e-02
1.864000000000000110e-05,-1.600024999999999982e-04,5.999817999999999818e-02
1.872000000000000034e-05,6.399975999999999929e-04,5.999817999999999818e-02
1.879999999999999957e-05,-1.600024999999999982e-04,7.999818000000000207e-02
1.887999999999999881e-05,6.399975999999999929e-04,7.999818000000000207e-02
1.896000000000000143e-05,-2.000024999999999947e-04,5.999817999999999818e-02
1.904000000000000066e-05,-2.488377999999999821e-09,5.999817999999999818e-02
1.911999999999999990e-05,6.399975999999999929e-04,7.999818000000000207e-02
1.919999999999999913e-05,-8.000249000000000455e-05,7.999818000000000207e-02
1.928000000000000175e-05,7.599975999999999824e-04,5.999817999999999818e-02
1.936000000000000099e-05,-2.488377999999999821e-09,7.999818000000000207e-02
1.944000000000000022e-05,9.199977000000000025e-04,3.999818000000000123e-02
1.951999999999999946e-05,9.599976999999999989e-04,7.999818000000000207e-02
1.960000000000000208e-05,2.799974999999999903e-04,3.999818000000000123e-02
1.968000000000000131e-05,2.799974999999999903e-04,5.999817999999999818e-02
1.976000000000000055e-05,9.999977000000001039e-04,7.999818000000000207e-02
1.983999999999999978e-05,9.999977000000001039e-04,5.999817999999999818e-02
1.991999999999999901e-05,1.599975000000000008e-04,7.999818000000000207e-02
2.000000000000000164e-05,1.199975000000000043e-04,5.999817999999999818e-02
2.008000000000000087e-05,9.999977000000001039e-04,7.999818000000000207e-02
2.016000000000000010e-05,2.799974999999999903e-04,7.999818000000000207e-02
2.023999999999999934e-05,9.999977000000001039e-04,5.999817999999999818e-02
2.032000000000000196e-05,9.199977000000000025e-04,7.999818000000000207e-02
2.040000000000000119e-05,1.999974999999999973e-04,5.999817999999999818e-02
2.048000000000000043e-05,9.199977000000000025e-04,7.999818000000000207e-02
2.055999999999999966e-05,-4.000249000000000128e-05,5.999817999999999818e-02
2.063999999999999890e-05,7.599975999999999824e-04,5.999817999999999818e-02
2.072000000000000152e-05,7.999750999999999499e-05,7.999818000000000207e-02
2.080000000000000075e-05,7.599975999999999824e-04,5.999817999999999818e-02
2.087999999999999999e-05,-8.000249000000000455e-05,7.999818000000000207e-02
2.095999999999999922e-05,7.199975999999999859e-04,7.999818000000000207e-02
2.104000000000000184e-05,-1.600024999999999982e-04,5.999817999999999818e-02
2.112000000000000108e-05,6.399975999999999929e-04,7.999818000000000207e-02
2.120000000000000031e-05,-2.000024999999999947e-04,5.999817999999999818e-02
2.127999999999999955e-05,6.399975999999999929e-04,7.999818000000000207e-02
2.135999999999999878e-05,-2.000024999999999947e-04,5.999817999999999818e-02
2.144000000000000140e-05,-2.800025000000000148e-04,5.999817999999999818e-02
2.152000000000000064e-05,5.999975999999999964e-04,7.999818000000000207e-02
2.159999999999999987e-05,6.399975999999999929e-04,7.999818000000000207e-02
2.167999999999999910e-05,-3.200025000000000113e-04,5.999817999999999818e-02
2.176000000000000173e-05,5.999975999999999964e-04,5.999817999999999818e-02
2.184000000000000096e-05,-2.800025000000000148e-04,7.999818000000000207e-02
2.192000000000000019e-05,4.799975000000000270e-04,7.999818000000000207e-02
2.199999999999999943e-05,-2.800025000000000148e-04,5.999817999999999818e-02
2.208000000000000205e-05,4.799975000000000270e-04,7.999818000000000207e-02
2.216000000000000128e-05,-2.800025000000000148e-04,5.999817999999999818e-02
2.224000000000000052e-05,4.799975000000000270e-04,7.999818000000000207e-02
2.231999999999999975e-05,-3.600025000000000078e-04,5.999817999999999818e-02
2.239999999999999899e-05,5.599975999999999999e-04,7.999818000000000207e-02
2.248000000000000161e-05,-3.200025000000000113e-04,5.999817999999999818e-02
2.256000000000000084e-05,4.799975000000000270e-04,7.999818000000000207e-02
2.264000000000000008e-05,-4.400025000000000008e-04,5.999817999999999818e-02
2.271999999999999931e-05,4.399974999999999763e-04,7.999818000000000207e-02
2.280000000000000193e-05,-4.400025000000000008e-04,5.999817999999999818e-02
2.288000000000000117e-05,-3.600025000000000078e-04,7.999818000000000207e-02
2.296000000000000040e-05,3.599974999999999833e-04,5.999817999999999818e-02
2.303999999999999964e-05,3.599974999999999833e-04,7.999818000000000207e-02
2.311999999999999887e-05,-4.400025000000000008e-04,5.999817999999999818e-02
2.320000000000000149e-05,3.599974999999999833e-04,5.999817999999999818e-02
2.328000000000000073e-05,-3.600025000000000078e-04,7.999818000000000207e-02
2.335999999999999996e-05,2.799974999999999903e-04,5.999817999999999818e-02
2.343999999999999919e-05,-5.200025999999999737e-04,1.199981999999999993e-01
2.352000000000000182e-05,1.199975000000000043e-04,7.999818000000000207e-02
2.360000000000000105e-05,-6.800025999999999597e-04,5.999817999999999818e-02
2.368000000000000028e-05,-6.400025999999999632e-04,1.199981999999999993e-01
2.375999999999999952e-05,1.199975000000000043e-04,5.999817999999999818e-02
2.384000000000000214e-05,-8.000026999999999833e-04,5.999817999999999818e-02
2.392000000000000137e-05,3.999750999999999849e-05,1.199981999999999993e-01
2.400000000000000061e-05,1.199975000000000043e-04,5.999817999999999818e-02
2.407999999999999984e-05,-6.400025999999999632e-04,9.999818000000000595e-02
2.415999999999999908e-05,1.199975000000000043e-04,5.999817999999999818e-02
2.424000000000000170e-05,-6.400025999999999632e-04,9.999818000000000595e-02
2.432000000000000093e-05,2.799974999999999903e-04,5.999817999999999818e-02
2.440000000000000017e-05,-6.400025999999999632e-04,9.999818000000000595e-02
2.447999999999999940e-05,-6.400025999999999632e-04,7.999818000000000207e-02
2.456000000000000202e-05,1.599975000000000008e-04,5.999817999999999818e-02
2.464000000000000126e-05,-4.400025000000000008e-04,7.999818000000000207e-02
2.472000000000000049e-05,4.799975000000000270e-04,5.999817999999999818e-02
2.479999999999999972e-05,-3.200025000000000113e-04,7.999818000000000207e-02
2.487999999999999896e-05,3.599974999999999833e-04,5.999817999999999818e-02
2.496000000000000158e-05,-2.000024999999999947e-04,7.999818000000000207e-02
2.504000000000000082e-05,5.599975999999999999e-04,5.999817999999999818e-02
2.512000000000000005e-05,4.799975000000000270e-04,7.999818000000000207e-02
2.519999999999999928e-05,-2.000024999999999947e-04,5.999817999999999818e-02
2.528000000000000191e-05,4.799975000000000270e-04,7.999818000000000207e-02
2.536000000000000114e-05,-3.600025000000000078e-04,5.999817999999999818e-02
2.544000000000000037e-05,-1.600024999999999982e-04,7.999818000000000207e-02
2.551999999999999961e-05,5.999975999999999964e-04,5.999817999999999818e-02
2.559999999999999884e-05,5.999975999999999964e-04,7.999818000000000207e-02
2.568000000000000146e-05,-3.600025000000000078e-04,5.999817999999999818e-02
2.576000000000000070e-05,-1.600024999999999982e-04,7.999818000000000207e-02
2.583999999999999993e-05,6.399975999999999929e-04,5.999817999999999818e-02
2.591999999999999917e-05,-4.000249000000000128e-05,7.999818000000000207e-02
2.600000000000000179e-05,6.399975999999999929e-04,5.999817999999999818e-02
2.608000000000000102e-05,-2.000024999999999947e-04,7.999818000000000207e-02
2.616000000000000026e-05,7.599975999999999824e-04,5.999817999999999818e-02
2.623999999999999949e-05,-8.000249000000000455e-05,7.999818000000000207e-02
2.632000000000000211e-05,6.399975999999999929e-04,5.999817999999999818e-02
2.640000000000000135e-05,5.999975999999999964e-04,7.999818000000000207e-02
2.648000000000000058e-05,-2.800025000000000148e-04,5.999817999999999818e-02
2.655999999999999981e-05,-1.600024999999999982e-04,7.999818000000000207e-02
2.663999999999999905e-05,5.999975999999999964e-04,5.999817999999999818e-02
2.672000000000000167e-05,6.399975999999999929e-04,5.999817999999999818e-02
2.680000000000000090e-05,-8.000249000000000455e-05,9.999818000000000595e-02
2.688000000000000014e-05,-1.600024999999999982e-04,5.999817999999999818e-02
2.695999999999999937e-05,5.999975999999999964e-04,7.999818000000000207e-02
2.704000000000000200e-05,6.399975999999999929e-04,7.999818000000000207e-02
2.712000000000000123e-05,-1.600024999999999982e-04,5.999817999999999818e-02
2.720000000000000046e-05,5.999975999999999964e-04,7.999818000000000207e-02
2.727999999999999970e-05,-8.000249000000000455e-05,5.999817999999999818e-02
2.735999999999999893e-05,-2.488377999999999821e-09,7.999818000000000207e-02
2.744000000000000155e-05,9.199977000000000025e-04,5.999817999999999818e-02
2.752000000000000079e-05,9.999977000000001039e-04,7.999818000000000207e-02
2.760000000000000002e-05,1.599975000000000008e-04,5.999817999999999818e-02
2.767999999999999926e-05,7.999750999999999499e-05,7.999818000000000207e-02
2.776000000000000188e-05,9.199977000000000025e-04,5.999817999999999818e-02
2.784000000000000111e-05,9.599976999999999989e-04,5.999817999999999818e-02
2.792000000000000035e-05,1.999974999999999973e-04,7.999818000000000207e-02
2.799999999999999958e-05,9.199977000000000025e-04,7.999818000000000207e-02
2.808000000000000220e-05,1.199975000000000043e-04,5.999817999999999818e-02
2.816000000000000144e-05,1.999974999999999973e-04,7.999818000000000207e-02
2.824000000000000067e-05,9.999977000000001039e-04,5.999817999999999818e-02
2.831999999999999990e-05,9.999977000000001039e-04,7.999818000000000207e-02
2.839999999999999914e-05,1.999974999999999973e-04,5.999817999999999818e-02
2.848000000000000176e-05,8.399977000000000095e-04,7.999818000000000207e-02
2.856000000000000099e-05,1.199975000000000043e-04,5.999817999999999818e-02
2.864000000000000023e-05,-4.000249000000000128e-05,7.999818000000000207e-02
2.871999999999999946e-05,7.999977000000000130e-04,5.999817999999999818e-02
2.880000000000000208e-05,1.199975000000000043e-04,5.999817999999999818e-02
2.888000000000000132e-05,7.599975999999999824e-04,7.999818000000000207e-02
2.896000000000000055e-05,-4.000249000000000128e-05,7.999818000000000207e-02
2.903999999999999979e-05,7.999977000000000130e-04,5.999817999999999818e-02
2.911999999999999902e-05,-8.000249000000000455e-05,5.999817999999999818e-02
2.920000000000000164e-05,6.399975999999999929e-04,7.999818000000000207e-02
2.928000000000000088e-05,-2.800025000000000148e-04,7.999818000000000207e-02
2.936000000000000011e-05,5.999975999999999964e-04,5.999817999999999818e-02
2.943999999999999935e-05,7.599975999999999824e-04,7.999818000000000207e-02
2.952000000000000197e-05,-3.200025000000000113e-04,5.999817999999999818e-02
2.960000000000000120e-05,-2.800025000000000148e-04,7.999818000000000207e-02
2.968000000000000044e-05,5.599975999999999999e-04,5.999817999999999818e-02
2.975999999999999967e-05,4.399974999999999763e-04,5.999817999999999818e-02
2.984000000000000229e-05,-3.600025000000000078e-04,7.999818000000000207e-02
2.992000000000000153e-05,4.799975000000000270e-04,7.999818000000000207e-02
3.000000000000000076e-05,-2.800025000000000148e-04,5.999817999999999818e-02
3.007999999999999999e-05,3.599974999999999833e-04,7.999818000000000207e-02
3.015999999999999923e-05,-3.600025000000000078e-04,5.999817999999999818e-02
3.024000000000000185e-05,3.599974999999999833e-04,7.999818000000000207e-02
3.032000000000000108e-05,-3.600025000000000078e-04,5.999817999999999818e-02
3.040000000000000032e-05,3.599974999999999833e-04,7.999818000000000207e-02
3.047999999999999955e-05,-5.200025999999999737e-04,5.999817999999999818e-02
3.055999999999999879e-05,-3.600025000000000078e-04,7.999818000000000207e-02
3.063999999999999802e-05,4.799975000000000270e-04,5.999817999999999818e-02
3.072000000000000403e-05,4.799975000000000270e-04,7.999818000000000207e-02
3.080000000000000326e-05,-3.200025000000000113e-04,5.999817999999999818e-02
3.088000000000000250e-05,3.199974999999999868e-04,7.999818000000000207e-02
3.096000000000000173e-05,-3.600025000000000078e-04,5.999817999999999818e-02
3.104000000000000097e-05,-3.200025000000000113e-04,7.999818000000000207e-02
3.112000000000000020e-05,3.599974999999999833e-04,5.999817999999999818e-02
3.119999999999999944e-05,3.599974999999999833e-04,7.999818000000000207e-02
3.127999999999999867e-05,-4.400025000000000008e-04,5.999817999999999818e-02
3.135999999999999790e-05,3.199974999999999868e-04,5.999817999999999818e-02
3.144000000000000391e-05,-5.200025999999999737e-04,1.199981999999999993e-01
3.152000000000000315e-05,1.199975000000000043e-04,7.999818000000000207e-02
3.160000000000000238e-05,-6.800025999999999597e-04,5.999817999999999818e-02
3.168000000000000162e-05,-6.800025999999999597e-04,7.999818000000000207e-02
3.176000000000000085e-05,7.999750999999999499e-05,5.999817999999999818e-02
3.184000000000000008e-05,-6.400025999999999632e-04,7.999818000000000207e-02
3.191999999999999932e-05,-2.488377999999999821e-09,5.999817999999999818e-02
3.199999999999999855e-05,-6.400025999999999632e-04,7.999818000000000207e-02
3.207999999999999779e-05,1.999974999999999973e-04,5.999817999999999818e-02
3.216000000000000380e-05,1.999974999999999973e-04,5.999817999999999818e-02
3.224000000000000303e-05,-6.800025999999999597e-04,1.199981999999999993e-01
3.232000000000000226e-05,-2.488377999999999821e-09,7.999818000000000207e-02
3.240000000000000150e-05,-6.800025999999999597e-04,5.999817999999999818e-02
3.248000000000000073e-05,-6.400025999999999632e-04,5.999817999999999818e-02
3.255999999999999997e-05,1.199975000000000043e-04,1.199981999999999993e-01
3.263999999999999920e-05,-4.800024999999999973e-04,7.999818000000000207e-02
3.271999999999999843e-05,3.599974999999999833e-04,5.999817999999999818e-02
3.279999999999999767e-05,-3.600025000000000078e-04,7.999818000000000207e-02
3.288000000000000368e-05,3.199974999999999868e-04,5.999817999999999818e-02
3.296000000000000291e-05,-4.800024999999999973e-04,7.999818000000000207e-02
3.304000000000000215e-05,4.399974999999999763e-04,5.999817999999999818e-02
3.312000000000000138e-05,-3.600025000000000078e-04,7.999818000000000207e-02
3.320000000000000062e-05,4.799975000000000270e-04,5.999817999999999818e-02
3.327999999999999985e-05,3.599974999999999833e-04,5.999817999999999818e-02
3.335999999999999908e-05,-3.200025000000000113e-04,7.999818000000000207e-02
3.343999999999999832e-05,5.599975999999999999e-04,7.999818000000000207e-02
3.351999999999999755e-05,-3.600025000000000078e-04,5.999817999999999818e-02
3.360000000000000356e-05,4.799975000000000270e-04,7.999818000000000207e-02
3.368000000000000280e-05,-2.000024999999999947e-04,5.999817999999999818e-02
3.376000000000000203e-05,-1.600024999999999982e-04,5.999817999999999818e-02
3.384000000000000126e-05,5.999975999999999964e-04,7.999818000000000207e-02
3.392000000000000050e-05,6.399975999999999929e-04,7.999818000000000207e-02
3.399999999999999973e-05,-1.600024999999999982e-04,5.999817999999999818e-02
3.407999999999999897e-05,5.999975999999999964e-04,7.999818000000000207e-02
3.415999999999999820e-05,-2.800025000000000148e-04,5.999817999999999818e-02
3.423999999999999743e-05,6.399975999999999929e-04,7.999818000000000207e-02
3.432000000000000344e-05,-2.800025000000000148e-04,5.999817999999999818e-02
3.440000000000000268e-05,5.999975999999999964e-04,7.999818000000000207e-02
3.448000000000000191e-05,-2.000024999999999947e-04,5.999817999999999818e-02
3.456000000000000115e-05,-3.600025000000000078e-04,7.999818000000000207e-02
3.464000000000000038e-05,6.399975999999999929e-04,5.999817999999999818e-02
3.471999999999999961e-05,-2.000024999999999947e-04,7.999818000000000207e-02
3.479999999999999885e-05,7.199975999999999859e-04,5.999817999999999818e-02
3.487999999999999808e-05,-2.800025000000000148e-04,7.999818000000000207e-02
3.496000000000000409e-05,6.399975999999999929e-04,5.999817999999999818e-02
3.504000000000000333e-05,-4.000249000000000128e-05,7.999818000000000207e-02
3.512000000000000256e-05,6.399975999999999929e-04,5.999817999999999818e-02
3.520000000000000180e-05,7.599975999999999824e-04,7.999818000000000207e-02
3.528000000000000103e-05,-1.600024999999999982e-04,5.999817999999999818e-02
3.536000000000000026e-05,-8.000249000000000455e-05,7.999818000000000207e-02
3.543999999999999950e-05,9.199977000000000025e-04,5.999817999999999818e-02
3.551999999999999873e-05,1.599975000000000008e-04,7.999818000000000207e-02
3.559999999999999797e-05,1.079997999999999982e-03,5.999817999999999818e-02
3.568000000000000398e-05,1.199975000000000043e-04,7.999818000000000207e-02
3.576000000000000321e-05,9.599976999999999989e-04,5.999817999999999818e-02
3.584000000000000244e-05,1.599975000000000008e-04,7.999818000000000207e-02
3.592000000000000168e-05,1.119998000000000087e-03,5.999817999999999818e-02
3.600000000000000091e-05,7.999977000000000130e-04,7.999818000000000207e-02
3.608000000000000015e-05,-2.488377999999999821e-09,5.999817999999999818e-02
3.615999999999999938e-05,1.599975000000000008e-04,5.999817999999999818e-02
3.623999999999999861e-05,9.199977000000000025e-04,7.999818000000000207e-02
3.631999999999999785e-05,1.999974999999999973e-04,7.999818000000000207e-02
3.640000000000000386e-05,9.599976999999999989e-04,5.999817999999999818e-02
3.648000000000000309e-05,9.199977000000000025e-04,5.999817999999999818e-02
3.656000000000000233e-05,-2.488377999999999821e-09,7.999818000000000207e-02
3.664000000000000156e-05,6.399975999999999929e-04,5.999817999999999818e-02
3.672000000000000079e-05,7.999750999999999499e-05,7.999818000000000207e-02
3.680000000000000003e-05,-2.488377999999999821e-09,5.999817999999999818e-02
3.687999999999999926e-05,7.599975999999999824e-04,7.999818000000000207e-02
3.695999999999999850e-05,-2.488377999999999821e-09,5.999817999999999818e-02
3.703999999999999773e-05,7.599975999999999824e-04,7.999818000000000207e-02
3.712000000000000374e-05,-8.000249000000000455e-05,7.999818000000000207e-02
3.720000000000000298e-05,5.999975999999999964e-04,5.999817999999999818e-02
3.728000000000000221e-05,5.999975999999999964e-04,5.999817999999999818e-02
3.736000000000000144e-05,-1.600024999999999982e-04,7.999818000000000207e-02
3.744000000000000068e-05,5.599975999999999999e-04,7.999818000000000207e-02
3.751999999999999991e-05,-2.800025000000000148e-04,5.999817999999999818e-02
3.759999999999999915e-05,-2.800025000000000148e-04,5.999817999999999818e-02
3.767999999999999838e-05,5.999975999999999964e-04,7.999818000000000207e-02
3.775999999999999761e-05,4.399974999999999763e-04,7.999818000000000207e-02
3.784000000000000362e-05,-3.600025000000000078e-04,5.999817999999999818e-02
3.792000000000000286e-05,3.599974999999999833e-04,5.999817999999999818e-02
3.800000000000000209e-05,-4.400025000000000008e-04,7.999818000000000207e-02
3.808000000000000133e-05,-3.600025000000000078e-04,7.999818000000000207e-02
3.816000000000000056e-05,3.599974999999999833e-04,5.999817999999999818e-02
3.823999999999999979e-05,-3.600025000000000078e-04,7.999818000000000207e-02
3.831999999999999903e-05,5.999975999999999964e-04,5.999817999999999818e-02
3.839999999999999826e-05,3.599974999999999833e-04,7.999818000000000207e-02
3.847999999999999750e-05,-3.600025000000000078e-04,5.999817999999999818e-02
3.856000000000000351e-05,-3.200025000000000113e-04,5.999817999999999818e-02
3.864000000000000274e-05,4.399974999999999763e-04,7.999818000000000207e-02
3.872000000000000197e-05,-3.600025000000000078e-04,7.999818000000000207e-02
3.880000000000000121e-05,5.999975999999999964e-04,5.999817999999999818e-02
3.888000000000000044e-05,3.599974999999999833e-04,7.999818000000000207e-02
3.895999999999999968e-05,-4.400025000000000008e-04,5.999817999999999818e-02
3.903999999999999891e-05,5.999975999999999964e-04,7.999818000000000207e-02
3.911999999999999815e-05,-3.600025000000000078e-04,5.999817999999999818e-02
3.920000000000000416e-05,3.599974999999999833e-04,7.999818000000000207e-02
3.928000000000000339e-05,-4.400025000000000008e-04,5.999817999999999818e-02
3.936000000000000262e-05,3.199974999999999868e-04,5.999817999999999818e-02
3.944000000000000186e-05,-5.200025999999999737e-04,7.999818000000000207e-02
3.952000000000000109e-05,-6.400025999999999632e-04,5.999817999999999818e-02
3.960000000000000033e-05,1.199975000000000043e-04,1.199981999999999993e-01
3.967999999999999956e-05,-6.400025999999999632e-04,5.999817999999999818e-02
3.975999999999999879e-05,1.199975000000000043e-04,9.999818000000000595e-02
3.983999999999999803e-05,-6.400025999999999632e-04,7.999818000000000207e-02
3.992000000000000404e-05,1.599975000000000008e-04,5.999817999999999818e-02
4.000000000000000327e-05,-5.200025999999999737e-04,7.999818000000000207e-02
4.008000000000000251e-05,1.199975000000000043e-04,5.999817999999999818e-02
4.016000000000000174e-05,1.999974999999999973e-04,7.999818000000000207e-02
4.024000000000000097e-05,-6.400025999999999632e-04,5.999817999999999818e-02
4.032000000000000021e-05,1.199975000000000043e-04,7.999818000000000207e-02
4.039999999999999944e-05,-6.000025999999999667e-04,5.999817999999999818e-02
4.047999999999999868e-05,-6.400025999999999632e-04,5.999817999999999818e-02
4.055999999999999791e-05,1.599975000000000008e-04,7.999818000000000207e-02
4.064000000000000392e-05,-4.800024999999999973e-04,5.999817999999999818e-02
4.072000000000000315e-05,3.599974999999999833e-04,7.999818000000000207e-02
4.080000000000000239e-05,-3.600025000000000078e-04,7.999818000000000207e-02
4.088000000000000162e-05,4.799975000000000270e-04,5.999817999999999818e-02
4.096000000000000086e-05,4.799975000000000270e-04,7.999818000000000207e-02
4.104000000000000009e-05,-3.200025000000000113e-04,5.999817999999999818e-02
4.111999999999999933e-05,5.999975999999999964e-04,7.999818000000000207e-02
4.119999999999999856e-05,-2.000024999999999947e-04,5.999817999999999818e-02
4.127999999999999779e-05,-2.800025000000000148e-04,7.999818000000000207e-02
4.136000000000000380e-05,5.599975999999999999e-04,5.999817999999999818e-02
4.144000000000000304e-05,6.399975999999999929e-04,7.999818000000000207e-02
4.152000000000000227e-05,-1.600024999999999982e-04,5.999817999999999818e-02
4.160000000000000151e-05,4.799975000000000270e-04,7.999818000000000207e-02
4.168000000000000074e-05,-1.600024999999999982e-04,5.999817999999999818e-02
4.175999999999999997e-05,6.399975999999999929e-04,5.999817999999999818e-02
4.183999999999999921e-05,-1.600024999999999982e-04,9.999818000000000595e-02
4.191999999999999844e-05,7.999977000000000130e-04,7.999818000000000207e-02
4.199999999999999768e-05,-8.000249000000000455e-05,5.999817999999999818e-02
4.208000000000000369e-05,-2.800025000000000148e-04,7.999818000000000207e-02
4.216000000000000292e-05,6.399975999999999929e-04,5.999817999999999818e-02
4.224000000000000215e-05,-8.000249000000000455e-05,5.999817999999999818e-02
4.232000000000000139e-05,9.199977000000000025e-04,7.999818000000000207e-02
4.240000000000000062e-05,-1.600024999999999982e-04,7.999818000000000207e-02
4.247999999999999986e-05,7.599975999999999824e-04,5.999817999999999818e-02
4.255999999999999909e-05,6.399975999999999929e-04,7.999818000000000207e-02
4.263999999999999832e-05,-4.000249000000000128e-05,5.999817999999999818e-02
4.271999999999999756e-05,6.399975999999999929e-04,5.999817999999999818e-02
4.280000000000000357e-05,-8.000249000000000455e-05,7.999818000000000207e-02
4.288000000000000280e-05,-4.000249000000000128e-05,7.999818000000000207e-02
4.296000000000000204e-05,5.999975999999999964e-04,5.999817999999999818e-02
4.304000000000000127e-05,7.599975999999999824e-04,7.999818000000000207e-02
4.312000000000000051e-05,-2.488377999999999821e-09,5.999817999999999818e-02
4.319999999999999974e-05,-8.000249000000000455e-05,5.999817999999999818e-02
4.327999999999999897e-05,7.599975999999999824e-04,7.999818000000000207e-02
4.335999999999999821e-05,-8.000249000000000455e-05,7.999818000000000207e-02
4.344000000000000422e-05,1.159997999999999975e-03,5.999817999999999818e-02
4.352000000000000345e-05,1.119998000000000087e-03,7.999818000000000207e-02
4.360000000000000269e-05,1.599975000000000008e-04,5.999817999999999818e-02
4.368000000000000192e-05,2.799974999999999903e-04,7.999818000000000207e-02
4.376000000000000115e-05,9.599976999999999989e-04,5.999817999999999818e-02
4.384000000000000039e-05,1.119998000000000087e-03,5.999817999999999818e-02
4.391999999999999962e-05,1.999974999999999973e-04,7.999818000000000207e-02
4.399999999999999886e-05,9.199977000000000025e-04,5.999817999999999818e-02
4.407999999999999809e-05,1.999974999999999973e-04,7.999818000000000207e-02
4.416000000000000410e-05,1.999974999999999973e-04,5.999817999999999818e-02
4.424000000000000333e-05,1.079997999999999982e-03,7.999818000000000207e-02
4.432000000000000257e-05,9.599976999999999989e-04,7.999818000000000207e-02
4.440000000000000180e-05,1.599975000000000008e-04,5.999817999999999818e-02
4.448000000000000104e-05,1.199975000000000043e-04,7.999818000000000207e-02
4.456000000000000027e-05,9.599976999999999989e-04,5.999817999999999818e-02
4.463999999999999950e-05,-2.488377999999999821e-09,7.999818000000000207e-02
4.471999999999999874e-05,8.399977000000000095e-04,5.999817999999999818e-02
4.479999999999999797e-05,7.599975999999999824e-04,7.999818000000000207e-02
4.488000000000000398e-05,-1.600024999999999982e-04,5.999817999999999818e-02
4.496000000000000322e-05,6.399975999999999929e-04,7.999818000000000207e-02
4.504000000000000245e-05,-2.800025000000000148e-04,5.999817999999999818e-02
4.512000000000000169e-05,5.599975999999999999e-04,5.999817999999999818e-02
4.520000000000000092e-05,-3.200025000000000113e-04,7.999818000000000207e-02
4.528000000000000015e-05,3.599974999999999833e-04,7.999818000000000207e-02
4.535999999999999939e-05,-2.800025000000000148e-04,5.999817999999999818e-02
4.543999999999999862e-05,5.999975999999999964e-04,7.999818000000000207e-02
4.551999999999999786e-05,-2.000024999999999947e-04,5.999817999999999818e-02
4.560000000000000387e-05,-2.800025000000000148e-04,7.999818000000000207e-02
4.568000000000000310e-05,4.799975000000000270e-04,5.999817999999999818e-02
4.576000000000000233e-05,5.999975999999999964e-04,5.999817999999999818e-02
4.584000000000000157e-05,-3.200025000000000113e-04,7.999818000000000207e-02
4.592000000000000080e-05,3.599974999999999833e-04,7.999818000000000207e-02
4.600000000000000004e-05,-2.800025000000000148e-04,5.999817999999999818e-02
4.607999999999999927e-05,-4.400025000000000008e-04,7.999818000000000207e-02
4.615999999999999850e-05,4.399974999999999763e-04,5.999817999999999818e-02
4.623999999999999774e-05,5.999975999999999964e-04,7.999818000000000207e-02
4.632000000000000375e-05,-4.800024999999999973e-04,5.999817999999999818e-02
4.640000000000000298e-05,3.599974999999999833e-04,7.999818000000000207e-02
4.648000000000000222e-05,-3.600025000000000078e-04,5.999817999999999818e-02
4.656000000000000145e-05,-4.800024999999999973e-04,5.999817999999999818e-02
4.664000000000000068e-05,4.399974999999999763e-04,7.999818000000000207e-02
4.671999999999999992e-05,4.799975000000000270e-04,7.999818000000000207e-02
4.679999999999999915e-05,-3.600025000000000078e-04,5.999817999999999818e-02
4.687999999999999839e-05,3.599974999999999833e-04,5.999817999999999818e-02
4.695999999999999762e-05,-3.600025000000000078e-04,7.999818000000000207e-02
4.704000000000000363e-05,-3.200025000000000113e-04,7.999818000000000207e-02
4.712000000000000287e-05,3.599974999999999833e-04,5.999817999999999818e-02
4.720000000000000210e-05,3.199974999999999868e-04,5.999817999999999818e-02
4.728000000000000133e-05,-5.200025999999999737e-04,7.999818000000000207e-02
4.736000000000000057e-05,3.199974999999999868e-04,5.999817999999999818e-02
4.743999999999999980e-05,-4.800024999999999973e-04,9.999818000000000595e-02
4.751999999999999904e-05,1.599975000000000008e-04,9.999818000000000595e-02
4.759999999999999827e-05,-6.800025999999999597e-04,5.999817999999999818e-02
4.768000000000000428e-05,1.199975000000000043e-04,5.999817999999999818e-02
4.776000000000000351e-05,-6.800025999999999597e-04,9.999818000000000595e-02
4.784000000000000275e-05,-6.800025999999999597e-04,7.999818000000000207e-02
4.792000000000000198e-05,-2.488377999999999821e-09,5.999817999999999818e-02
4.800000000000000122e-05,-6.400025999999999632e-04,5.999817999999999818e-02
4.808000000000000045e-05,3.999750999999999849e-05,7.999818000000000207e-02
4.815999999999999968e-05,-6.400025999999999632e-04,7.999818000000000207e-02
4.823999999999999892e-05,1.999974999999999973e-04,5.999817999999999818e-02
4.831999999999999815e-05,-6.400025999999999632e-04,5.999817999999999818e-02
4.840000000000000416e-05,1.999974999999999973e-04,7.999818000000000207e-02
4.848000000000000340e-05,-6.400025999999999632e-04,5.999817999999999818e-02
4.856000000000000263e-05,1.999974999999999973e-04,7.999818000000000207e-02
4.864000000000000186e-05,-4.800024999999999973e-04,7.999818000000000207e-02
4.872000000000000110e-05,4.799975000000000270e-04,5.999817999999999818e-02
4.880000000000000033e-05,3.599974999999999833e-04,7.999818000000000207e-02
4.887999999999999957e-05,-3.600025000000000078e-04,5.999817999999999818e-02
4.895999999999999880e-05,-4.400025000000000008e-04,7.999818000000000207e-02
4.903999999999999803e-05,4.799975000000000270e-04,5.999817999999999818e-02
4.912000000000000405e-05,-3.200025000000000113e-04,7.999818000000000207e-02
4.920000000000000328e-05,4.799975000000000270e-04,5.999817999999999818e-02
4.928000000000000251e-05,5.599975999999999999e-04,5.999817999999999818e-02
4.936000000000000175e-05,-2.800025000000000148e-04,7.999818000000000207e-02
4.944000000000000098e-05,5.599975999999999999e-04,7.999818000000000207e-02
4.952000000000000022e-05,-2.800025000000000148e-04,5.999817999999999818e-02
4.959999999999999945e-05,5.599975999999999999e-04,7.999818000000000207e-02
4.967999999999999868e-05,-2.800025000000000148e-04,5.999817999999999818e-02
4.975999999999999792e-05,-2.800025000000000148e-04,7.999818000000000207e-02
4.984000000000000393e-05,6.399975999999999929e-04,5.999817999999999818e-02
4.992000000000000316e-05,-8.000249000000000455e-05,7.999818000000000207e-02
5.000000000000000240e-05,7.599975999999999824e-04,5.999817999999999818e-02
5.008000000000000163e-05,-8.000249000000000455e-05,5.999817999999999818e-02
5.016000000000000086e-05,6.399975999999999929e-04,7.999818000000000207e-02
5.024000000000000010e-05,-4.000249000000000128e-05,5.999817999999999818e-02
5.031999999999999933e-05,6.399975999999999929e-04,7.999818000000000207e-02
5.039999999999999857e-05,-8.000249000000000455e-05,7.999818000000000207e-02
5.047999999999999780e-05,6.399975999999999929e-04,5.999817999999999818e-02
5.056000000000000381e-05,-2.800025000000000148e-04,7.999818000000000207e-02
5.064000000000000304e-05,6.399975999999999929e-04,5.999817999999999818e-02
5.072000000000000228e-05,8.399977000000000095e-04,5.999817999999999818e-02
5.080000000000000151e-05,-1.600024999999999982e-04,7.999818000000000207e-02
5.088000000000000075e-05,-8.000249000000000455e-05,7.999818000000000207e-02
5.095999999999999998e-05,5.999975999999999964e-04,5.999817999999999818e-02
5.103999999999999922e-05,5.999975999999999964e-04,7.999818000000000207e-02
5.111999999999999845e-05,-1.600024999999999982e-04,5.999817999999999818e-02
5.119999999999999768e-05,7.199975999999999859e-04,7.999818000000000207e-02
5.128000000000000369e-05,-8.000249000000000455e-05,5.999817999999999818e-02
5.136000000000000293e-05,8.399977000000000095e-04,7.999818000000000207e-02
5.144000000000000216e-05,-1.600024999999999982e-04,5.999817999999999818e-02
5.152000000000000140e-05,9.599976999999999989e-04,5.999817999999999818e-02
5.160000000000000063e-05,1.199975000000000043e-04,7.999818000000000207e-02
5.167999999999999986e-05,1.199975000000000043e-04,5.999817999999999818e-02
5.175999999999999910e-05,9.199977000000000025e-04,7.999818000000000207e-02
5.183999999999999833e-05,1.999974999999999973e-04,7.999818000000000207e-02
5.192000000000000434e-05,9.999977000000001039e-04,3.999818000000000123e-02
5.200000000000000358e-05,9.599976999999999989e-04,7.999818000000000207e-02
5.208000000000000281e-05,1.599975000000000008e-04,5.999817999999999818e-02
5.216000000000000204e-05,1.079997999999999982e-03,7.999818000000000207e-02
5.224000000000000128e-05,2.799974999999999903e-04,5.999817999999999818e-02
5.232000000000000051e-05,2.799974999999999903e-04,7.999818000000000207e-02
5.239999999999999975e-05,1.119998000000000087e-03,5.999817999999999818e-02
5.247999999999999898e-05,9.199977000000000025e-04,7.999818000000000207e-02
5.255999999999999821e-05,3.999750999999999849e-05,5.999817999999999818e-02
5.264000000000000422e-05,1.199975000000000043e-04,7.999818000000000207e-02
5.272000000000000346e-05,7.999977000000000130e-04,5.999817999999999818e-02
5.280000000000000269e-05,7.599975999999999824e-04,7.999818000000000207e-02
5.288000000000000193e-05,-1.600024999999999982e-04,5.999817999999999818e-02
5.296000000000000116e-05,7.599975999999999824e-04,7.999818000000000207e-02
5.304000000000000040e-05,-2.488377999999999821e-09,5.999817999999999818e-02
5.311999999999999963e-05,7.199975999999999859e-04,7.999818000000000207e-02
5.319999999999999886e-05,-8.000249000000000455e-05,5.999817999999999818e-02
5.327999999999999810e-05,-2.800025000000000148e-04,5.999817999999999818e-02
5.336000000000000411e-05,5.599975999999999999e-04,7.999818000000000207e-02
5.344000000000000334e-05,6.399975999999999929e-04,7.999818000000000207e-02
5.352000000000000258e-05,-2.000024999999999947e-04,5.999817999999999818e-02
5.360000000000000181e-05,-3.200025000000000113e-04,7.999818000000000207e-02
5.368000000000000104e-05,5.999975999999999964e-04,5.999817999999999818e-02
5.376000000000000028e-05,-2.800025000000000148e-04,7.999818000000000207e-02
5.383999999999999951e-05,5.999975999999999964e-04,5.999817999999999818e-02
5.391999999999999875e-05,-2.000024999999999947e-04,5.999817999999999818e-02
5.399999999999999798e-05,5.599975999999999999e-04,7.999818000000000207e-02
5.408000000000000399e-05,3.599974999999999833e-04,7.999818000000000207e-02
5.416000000000000322e-05,-3.200025000000000113e-04,5.999817999999999818e-02
5.424000000000000246e-05,4.799975000000000270e-04,7.999818000000000207e-02
5.432000000000000169e-05,-3.600025000000000078e-04,5.999817999999999818e-02
5.440000000000000093e-05,-4.800024999999999973e-04,7.999818000000000207e-02
5.448000000000000016e-05,3.599974999999999833e-04,5.999817999999999818e-02
5.455999999999999939e-05,-4.800024999999999973e-04,7.999818000000000207e-02
5.463999999999999863e-05,4.799975000000000270e-04,5.999817999999999818e-02
5.471999999999999786e-05,4.799975000000000270e-04,7.999818000000000207e-02
5.480000000000000387e-05,-4.400025000000000008e-04,5.999817999999999818e-02
5.488000000000000311e-05,4.399974999999999763e-04,7.999818000000000207e-02
5.496000000000000234e-05,-3.600025000000000078e-04,5.999817999999999818e-02
5.504000000000000158e-05,-3.200025000000000113e-04,7.999818000000000207e-02
5.512000000000000081e-05,4.399974999999999763e-04,5.999817999999999818e-02
5.520000000000000004e-05,3.599974999999999833e-04,5.999817999999999818e-02
5.527999999999999928e-05,-5.200025999999999737e-04,1.199981999999999993e-01
5.535999999999999851e-05,3.199974999999999868e-04,5.999817999999999818e-02
5.544000000000000452e-05,-4.800024999999999973e-04,1.199981999999999993e-01
5.552000000000000376e-05,3.999750999999999849e-05,5.999817999999999818e-02
5.560000000000000299e-05,-6.800025999999999597e-04,1.199981999999999993e-01
5.568000000000000222e-05,-6.400025999999999632e-04,5.999817999999999818e-02
5.576000000000000146e-05,3.999750999999999849e-05,1.199981999999999993e-01
5.584000000000000069e-05,-2.488377999999999821e-09,5.999817999999999818e-02
5.591999999999999993e-05,-7.200025999999999562e-04,1.199981999999999993e-01
5.599999999999999916e-05,1.599975000000000008e-04,5.999817999999999818e-02
5.607999999999999839e-05,-6.000025999999999667e-04,1.199981999999999993e-01
5.616000000000000440e-05,1.599975000000000008e-04,5.999817999999999818e-02
5.624000000000000364e-05,-6.400025999999999632e-04,1.199981999999999993e-01
5.632000000000000287e-05,1.199975000000000043e-04,5.999817999999999818e-02
5.640000000000000211e-05,-6.000025999999999667e-04,7.999818000000000207e-02
5.648000000000000134e-05,-6.800025999999999597e-04,9.999818000000000595e-02
5.656000000000000057e-05,1.199975000000000043e-04,5.999817999999999818e-02
5.663999999999999981e-05,-3.600025000000000078e-04,5.999817999999999818e-02
5.671999999999999904e-05,3.599974999999999833e-04,7.999818000000000207e-02
5.679999999999999828e-05,3.199974999999999868e-04,7.999818000000000207e-02
5.688000000000000429e-05,-3.600025000000000078e-04,5.999817999999999818e-02
5.696000000000000352e-05,-3.600025000000000078e-04,7.999818000000000207e-02
5.704000000000000276e-05,4.799975000000000270e-04,5.999817999999999818e-02
5.712000000000000199e-05,-1.600024999999999982e-04,7.999818000000000207e-02
5.720000000000000122e-05,4.799975000000000270e-04,5.999817999999999818e-02
5.728000000000000046e-05,5.999975999999999964e-04,5.999817999999999818e-02
5.735999999999999969e-05,-3.200025000000000113e-04,7.999818000000000207e-02
5.743999999999999893e-05,-1.600024999999999982e-04,7.999818000000000207e-02
5.751999999999999816e-05,4.799975000000000270e-04,5.999817999999999818e-02
5.760000000000000417e-05,5.999975999999999964e-04,7.999818000000000207e-02
5.768000000000000340e-05,-1.600024999999999982e-04,5.999817999999999818e-02
5.776000000000000264e-05,5.999975999999999964e-04,7.999818000000000207e-02
5.784000000000000187e-05,-1.600024999999999982e-04,5.999817999999999818e-02
5.792000000000000111e-05,6.399975999999999929e-04,7.999818000000000207e-02
5.800000000000000034e-05,-4.000249000000000128e-05,5.999817999999999818e-02
5.807999999999999957e-05,-8.000249000000000455e-05,7.999818000000000207e-02
5.815999999999999881e-05,6.399975999999999929e-04,5.999817999999999818e-02
5.823999999999999804e-05,7.999977000000000130e-04,7.999818000000000207e-02
5.832000000000000405e-05,-4.000249000000000128e-05,5.999817999999999818e-02
5.840000000000000329e-05,-8.000249000000000455e-05,7.999818000000000207e-02
5.848000000000000252e-05,7.599975999999999824e-04,5.999817999999999818e-02
5.856000000000000175e-05,6.399975999999999929e-04,7.999818000000000207e-02
5.864000000000000099e-05,-8.000249000000000455e-05,5.999817999999999818e-02
5.872000000000000022e-05,5.999975999999999964e-04,5.999817999999999818e-02
5.879999999999999946e-05,-8.000249000000000455e-05,7.999818000000000207e-02
5.887999999999999869e-05,7.599975999999999824e-04,5.999817999999999818e-02
5.895999999999999792e-05,-8.000249000000000455e-05,9.999818000000000595e-02
5.904000000000000394e-05,6.399975999999999929e-04,7.999818000000000207e-02
5.912000000000000317e-05,-1.600024999999999982e-04,5.999817999999999818e-02
5.920000000000000240e-05,-1.600024999999999982e-04,7.999818000000000207e-02
5.928000000000000164e-05,7.199975999999999859e-04,5.999817999999999818e-02
5.936000000000000087e-05,-2.488377999999999821e-09,7.999818000000000207e-02
5.944000000000000011e-05,8.399977000000000095e-04,5.999817999999999818e-02
5.951999999999999934e-05,1.599975000000000008e-04,7.999818000000000207e-02
5.959999999999999857e-05,9.599976999999999989e-04,5.999817999999999818e-02
5.968000000000000458e-05,1.199975000000000043e-04,7.999818000000000207e-02
5.976000000000000382e-05,9.199977000000000025e-04,5.999817999999999818e-02
5.984000000000000305e-05,9.999977000000001039e-04,5.999817999999999818e-02
5.992000000000000229e-05,1.599975000000000008e-04,7.999818000000000207e-02
6.000000000000000152e-05,8.399977000000000095e-04,7.999818000000000207e-02
6.008000000000000075e-05,7.999750999999999499e-05,5.999817999999999818e-02
6.015999999999999999e-05,1.199975000000000043e-04,7.999818000000000207e-02
6.023999999999999922e-05,9.199977000000000025e-04,5.999817999999999818e-02
6.031999999999999846e-05,9.599976999999999989e-04,7.999818000000000207e-02
6.040000000000000447e-05,1.599975000000000008e-04,5.999817999999999818e-02
6.048000000000000370e-05,9.199977000000000025e-04,7.999818000000000207e-02
6.056000000000000293e-05,1.199975000000000043e-04,5.999817999999999818e-02
6.064000000000000217e-05,7.599975999999999824e-04,7.999818000000000207e-02
6.072000000000000140e-05,-2.488377999999999821e-09,5.999817999999999818e-02
6.080000000000000064e-05,-4.000249000000000128e-05,7.999818000000000207e-02
6.087999999999999987e-05,7.599975999999999824e-04,5.999817999999999818e-02
6.095999999999999910e-05,7.599975999999999824e-04,7.999818000000000207e-02
6.103999999999999834e-05,-2.000024999999999947e-04,5.999817999999999818e-02
6.111999999999999757e-05,6.399975999999999929e-04,7.999818000000000207e-02
6.119999999999999681e-05,-3.200025000000000113e-04,5.999817999999999818e-02
6.127999999999999604e-05,5.599975999999999999e-04,7.999818000000000207e-02
6.135999999999999528e-05,-2.800025000000000148e-04,5.999817999999999818e-02
6.144000000000000806e-05,4.799975000000000270e-04,5.999817999999999818e-02
6.152000000000000730e-05,-2.800025000000000148e-04,7.999818000000000207e-02
6.160000000000000653e-05,4.799975000000000270e-04,5.999817999999999818e-02
6.168000000000000576e-05,-3.600025000000000078e-04,7.999818000000000207e-02
6.176000000000000500e-05,-2.800025000000000148e-04,5.999817999999999818e-02
6.184000000000000423e-05,5.599975999999999999e-04,7.999818000000000207e-02
6.192000000000000347e-05,4.799975000000000270e-04,7.999818000000000207e-02
6.200000000000000270e-05,-4.400025000000000008e-04,5.999817999999999818e-02
6.208000000000000193e-05,3.599974999999999833e-04,7.999818000000000207e-02
6.216000000000000117e-05,-4.400025000000000008e-04,5.999817999999999818e-02
6.224000000000000040e-05,3.599974999999999833e-04,7.999818000000000207e-02
6.231999999999999964e-05,-3.200025000000000113e-04,5.999817999999999818e-02
6.239999999999999887e-05,-2.800025000000000148e-04,7.999818000000000207e-02
6.247999999999999810e-05,6.399975999999999929e-04,5.999817999999999818e-02
6.255999999999999734e-05,-2.000024999999999947e-04,7.999818000000000207e-02
6.263999999999999657e-05,5.599975999999999999e-04,5.999817999999999818e-02
6.271999999999999581e-05,-3.200025000000000113e-04,7.999818000000000207e-02
6.279999999999999504e-05,4.799975000000000270e-04,5.999817999999999818e-02
6.288000000000000783e-05,3.599974999999999833e-04,5.999817999999999818e-02
6.296000000000000706e-05,-3.600025000000000078e-04,7.999818000000000207e-02
6.304000000000000630e-05,3.599974999999999833e-04,7.999818000000000207e-02
6.312000000000000553e-05,-4.800024999999999973e-04,5.999817999999999818e-02
6.320000000000000476e-05,-4.400025000000000008e-04,7.999818000000000207e-02
6.328000000000000400e-05,3.599974999999999833e-04,5.999817999999999818e-02
6.336000000000000323e-05,3.599974999999999833e-04,5.999817999999999818e-02
6.344000000000000247e-05,-4.400025000000000008e-04,9.999818000000000595e-02
6.352000000000000170e-05,1.199975000000000043e-04,7.999818000000000207e-02
6.360000000000000093e-05,-6.400025999999999632e-04,5.999817999999999818e-02
6.368000000000000017e-05,1.199975000000000043e-04,5.999817999999999818e-02
6.375999999999999940e-05,-8.400026999999999798e-04,1.199981999999999993e-01
6.383999999999999864e-05,-2.488377999999999821e-09,5.999817999999999818e-02
6.391999999999999787e-05,-6.800025999999999597e-04,1.199981999999999993e-01
6.399999999999999710e-05,-2.488377999999999821e-09,5.999817999999999818e-02
6.407999999999999634e-05,-6.800025999999999597e-04,1.199981999999999993e-01
6.415999999999999557e-05,1.199975000000000043e-04,5.999817999999999818e-02
6.423999999999999481e-05,-6.400025999999999632e-04,1.199981999999999993e-01
6.432000000000000759e-05,1.199975000000000043e-04,7.999818000000000207e-02
6.440000000000000683e-05,-8.000026999999999833e-04,5.999817999999999818e-02
6.448000000000000606e-05,-6.400025999999999632e-04,7.999818000000000207e-02
6.456000000000000529e-05,1.599975000000000008e-04,5.999817999999999818e-02
6.464000000000000453e-05,-4.800024999999999973e-04,7.999818000000000207e-02
6.472000000000000376e-05,3.599974999999999833e-04,5.999817999999999818e-02
6.480000000000000300e-05,3.599974999999999833e-04,7.999818000000000207e-02
6.488000000000000223e-05,-3.600025000000000078e-04,5.999817999999999818e-02
6.496000000000000147e-05,-4.400025000000000008e-04,7.999818000000000207e-02
6.504000000000000070e-05,3.599974999999999833e-04,5.999817999999999818e-02
6.511999999999999993e-05,-2.000024999999999947e-04,7.999818000000000207e-02
6.519999999999999917e-05,4.399974999999999763e-04,5.999817999999999818e-02
6.527999999999999840e-05,-5.200025999999999737e-04,7.999818000000000207e-02
6.535999999999999764e-05,4.799975000000000270e-04,5.999817999999999818e-02
6.543999999999999687e-05,-1.600024999999999982e-04,7.999818000000000207e-02
6.551999999999999610e-05,4.799975000000000270e-04,5.999817999999999818e-02
6.559999999999999534e-05,-1.600024999999999982e-04,7.999818000000000207e-02
6.568000000000000812e-05,5.999975999999999964e-04,5.999817999999999818e-02
6.576000000000000736e-05,-1.600024999999999982e-04,7.999818000000000207e-02
6.584000000000000659e-05,7.599975999999999824e-04,5.999817999999999818e-02
6.592000000000000583e-05,6.399975999999999929e-04,7.999818000000000207e-02
6.600000000000000506e-05,-1.600024999999999982e-04,5.999817999999999818e-02
6.608000000000000429e-05,-1.600024999999999982e-04,5.999817999999999818e-02
6.616000000000000353e-05,6.399975999999999929e-04,7.999818000000000207e-02
6.624000000000000276e-05,-8.000249000000000455e-05,7.999818000000000207e-02
6.632000000000000200e-05,7.999977000000000130e-04,5.999817999999999818e-02
6.640000000000000123e-05,-8.000249000000000455e-05,5.999817999999999818e-02
6.648000000000000046e-05,6.399975999999999929e-04,1.199981999999999993e-01
6.655999999999999970e-05,-2.488377999999999821e-09,7.999818000000000207e-02
6.663999999999999893e-05,6.399975999999999929e-04,5.999817999999999818e-02
6.671999999999999817e-05,-4.000249000000000128e-05,7.999818000000000207e-02
6.679999999999999740e-05,7.999977000000000130e-04,5.999817999999999818e-02
6.687999999999999663e-05,-8.000249000000000455e-05,5.999817999999999818e-02
6.695999999999999587e-05,7.199975999999999859e-04,7.999818000000000207e-02
6.703999999999999510e-05,-8.000249000000000455e-05,5.999817999999999818e-02
6.712000000000000789e-05,7.599975999999999824e-04,7.999818000000000207e-02
6.720000000000000712e-05,-1.600024999999999982e-04,7.999818000000000207e-02
6.728000000000000636e-05,7.599975999999999824e-04,5.999817999999999818e-02
6.736000000000000559e-05,-2.488377999999999821e-09,7.999818000000000207e-02
6.744000000000000483e-05,8.399977000000000095e-04,5.999817999999999818e-02
6.752000000000000406e-05,1.199975000000000043e-04,3.999818000000000123e-02
6.760000000000000329e-05,9.999977000000001039e-04,7.999818000000000207e-02
6.768000000000000253e-05,9.999977000000001039e-04,7.999818000000000207e-02
6.776000000000000176e-05,1.599975000000000008e-04,5.999817999999999818e-02
6.784000000000000100e-05,9.999977000000001039e-04,5.999817999999999818e-02
6.792000000000000023e-05,1.599975000000000008e-04,7.999818000000000207e-02
6.799999999999999946e-05,9.199977000000000025e-04,5.999817999999999818e-02
6.807999999999999870e-05,1.199975000000000043e-04,7.999818000000000207e-02
6.815999999999999793e-05,1.199975000000000043e-04,7.999818000000000207e-02
6.823999999999999717e-05,9.999977000000001039e-04,3.999818000000000123e-02
6.831999999999999640e-05,9.999977000000001039e-04,7.999818000000000207e-02
6.839999999999999563e-05,2.799974999999999903e-04,5.999817999999999818e-02
6.847999999999999487e-05,9.999977000000001039e-04,7.999818000000000207e-02
6.856000000000000765e-05,1.199975000000000043e-04,5.999817999999999818e-02
6.864000000000000689e-05,9.199977000000000025e-04,5.999817999999999818e-02
6.872000000000000612e-05,-2.488377999999999821e-09,7.999818000000000207e-02
6.880000000000000536e-05,7.599975999999999824e-04,7.999818000000000207e-02
6.888000000000000459e-05,-2.488377999999999821e-09,5.999817999999999818e-02
6.896000000000000383e-05,7.599975999999999824e-04,7.999818000000000207e-02
6.904000000000000306e-05,-8.000249000000000455e-05,5.999817999999999818e-02
6.912000000000000229e-05,7.599975999999999824e-04,7.999818000000000207e-02
6.920000000000000153e-05,-2.000024999999999947e-04,5.999817999999999818e-02
6.928000000000000076e-05,6.399975999999999929e-04,5.999817999999999818e-02
6.936000000000000000e-05,-2.800025000000000148e-04,7.999818000000000207e-02
6.943999999999999923e-05,-8.000249000000000455e-05,7.999818000000000207e-02
6.951999999999999846e-05,6.399975999999999929e-04,5.999817999999999818e-02
6.959999999999999770e-05,6.399975999999999929e-04,7.999818000000000207e-02
6.967999999999999693e-05,-3.200025000000000113e-04,5.999817999999999818e-02
6.975999999999999617e-05,4.799975000000000270e-04,7.999818000000000207e-02
6.983999999999999540e-05,-2.800025000000000148e-04,5.999817999999999818e-02
6.992000000000000819e-05,6.399975999999999929e-04,7.999818000000000207e-02
7.000000000000000742e-05,-2.800025000000000148e-04,5.999817999999999818e-02
7.008000000000000665e-05,4.799975000000000270e-04,7.999818000000000207e-02
7.016000000000000589e-05,-3.200025000000000113e-04,5.999817999999999818e-02
7.024000000000000512e-05,-3.600025000000000078e-04,7.999818000000000207e-02
7.032000000000000436e-05,4.799975000000000270e-04,5.999817999999999818e-02
7.040000000000000359e-05,4.799975000000000270e-04,5.999817999999999818e-02
7.048000000000000282e-05,-3.600025000000000078e-04,7.999818000000000207e-02
7.056000000000000206e-05,-4.800024999999999973e-04,7.999818000000000207e-02
7.064000000000000129e-05,3.599974999999999833e-04,5.999817999999999818e-02
7.072000000000000053e-05,3.599974999999999833e-04,7.999818000000000207e-02
7.079999999999999976e-05,-3.600025000000000078e-04,5.999817999999999818e-02
7.087999999999999899e-05,-4.400025000000000008e-04,5.999817999999999818e-02
7.095999999999999823e-05,3.199974999999999868e-04,7.999818000000000207e-02
7.103999999999999746e-05,4.399974999999999763e-04,7.999818000000000207e-02
7.111999999999999670e-05,-3.200025000000000113e-04,5.999817999999999818e-02
7.119999999999999593e-05,3.599974999999999833e-04,5.999817999999999818e-02
7.127999999999999517e-05,-4.800024999999999973e-04,9.999818000000000595e-02
7.136000000000000795e-05,5.999975999999999964e-04,5.999817999999999818e-02
7.144000000000000719e-05,-6.400025999999999632e-04,1.199981999999999993e-01
7.152000000000000642e-05,1.199975000000000043e-04,5.999817999999999818e-02
7.160000000000000565e-05,-6.400025999999999632e-04,1.199981999999999993e-01
7.168000000000000489e-05,-6.400025999999999632e-04,1.199981999999999993e-01
7.176000000000000412e-05,1.199975000000000043e-04,5.999817999999999818e-02
7.184000000000000336e-05,-6.400025999999999632e-04,5.999817999999999818e-02
7.192000000000000259e-05,1.599975000000000008e-04,9.999818000000000595e-02
7.200000000000000182e-05,1.199975000000000043e-04,5.999817999999999818e-02
7.208000000000000106e-05,-6.000025999999999667e-04,1.199981999999999993e-01
7.216000000000000029e-05,-6.400025999999999632e-04,5.999817999999999818e-02
7.223999999999999953e-05,1.199975000000000043e-04,1.199981999999999993e-01
7.231999999999999876e-05,1.199975000000000043e-04,5.999817999999999818e-02
7.239999999999999799e-05,-6.800025999999999597e-04,9.999818000000000595e-02
7.247999999999999723e-05,-6.800025999999999597e-04,5.999817999999999818e-02
7.255999999999999646e-05,1.999974999999999973e-04,9.999818000000000595e-02
7.263999999999999570e-05,-6.400025999999999632e-04,5.999817999999999818e-02
7.271999999999999493e-05,3.199974999999999868e-04,9.999818000000000595e-02
7.280000000000000772e-05,3.599974999999999833e-04,7.999818000000000207e-02
7.288000000000000695e-05,-5.200025999999999737e-04,5.999817999999999818e-02
7.296000000000000619e-05,-4.800024999999999973e-04,7.999818000000000207e-02
7.304000000000000542e-05,3.599974999999999833e-04,5.999817999999999818e-02
7.312000000000000465e-05,3.599974999999999833e-04,5.999817999999999818e-02
7.320000000000000389e-05,-2.800025000000000148e-04,9.999818000000000595e-02
7.328000000000000312e-05,-2.800025000000000148e-04,5.999817999999999818e-02
7.336000000000000236e-05,4.799975000000000270e-04,9.999818000000000595e-02
7.344000000000000159e-05,-1.600024999999999982e-04,7.999818000000000207e-02
7.352000000000000082e-05,4.799975000000000270e-04,5.999817999999999818e-02
7.360000000000000006e-05,-2.000024999999999947e-04,5.999817999999999818e-02
7.367999999999999929e-05,4.799975000000000270e-04,9.999818000000000595e-02
7.375999999999999853e-05,-3.200025000000000113e-04,7.999818000000000207e-02
7.383999999999999776e-05,7.199975999999999859e-04,5.999817999999999818e-02
7.391999999999999699e-05,-2.800025000000000148e-04,5.999817999999999818e-02
7.399999999999999623e-05,6.399975999999999929e-04,7.999818000000000207e-02
7.407999999999999546e-05,-1.600024999999999982e-04,7.999818000000000207e-02
7.416000000000000825e-05,6.399975999999999929e-04,5.999817999999999818e-02
7.424000000000000748e-05,-1.600024999999999982e-04,7.999818000000000207e-02
7.432000000000000672e-05,6.399975999999999929e-04,5.999817999999999818e-02
7.440000000000000595e-05,6.399975999999999929e-04,7.999818000000000207e-02
7.448000000000000518e-05,-4.000249000000000128e-05,5.999817999999999818e-02
7.456000000000000442e-05,-2.488377999999999821e-09,7.999818000000000207e-02
7.464000000000000365e-05,6.399975999999999929e-04,5.999817999999999818e-02
7.472000000000000289e-05,6.399975999999999929e-04,7.999818000000000207e-02
7.480000000000000212e-05,-4.000249000000000128e-05,5.999817999999999818e-02
7.488000000000000135e-05,-8.000249000000000455e-05,7.999818000000000207e-02
7.496000000000000059e-05,7.599975999999999824e-04,5.999817999999999818e-02
7.503999999999999982e-05,-2.488377999999999821e-09,7.999818000000000207e-02
7.511999999999999906e-05,7.599975999999999824e-04,5.999817999999999818e-02
7.519999999999999829e-05,-2.488377999999999821e-09,5.999817999999999818e-02
7.527999999999999753e-05,7.599975999999999824e-04,7.999818000000000207e-02
7.535999999999999676e-05,-4.000249000000000128e-05,7.999818000000000207e-02
7.543999999999999599e-05,9.199977000000000025e-04,5.999817999999999818e-02
7.551999999999999523e-05,2.799974999999999903e-04,7.999818000000000207e-02
7.560000000000000801e-05,9.999977000000001039e-04,5.999817999999999818e-02
7.568000000000000725e-05,9.599976999999999989e-04,7.999818000000000207e-02
7.576000000000000648e-05,1.599975000000000008e-04,5.999817999999999818e-02
7.584000000000000572e-05,1.119998000000000087e-03,7.999818000000000207e-02
7.592000000000000495e-05,1.599975000000000008e-04,5.999817999999999818e-02
7.600000000000000418e-05,9.599976999999999989e-04,5.999817999999999818e-02
7.608000000000000342e-05,-4.000249000000000128e-05,7.999818000000000207e-02
7.616000000000000265e-05,2.799974999999999903e-04,7.999818000000000207e-02
7.624000000000000189e-05,8.399977000000000095e-04,5.999817999999999818e-02
7.632000000000000112e-05,9.999977000000001039e-04,7.999818000000000207e-02
7.640000000000000035e-05,1.199975000000000043e-04,5.999817999999999818e-02
7.647999999999999959e-05,1.599975000000000008e-04,7.999818000000000207e-02
7.655999999999999882e-05,8.399977000000000095e-04,5.999817999999999818e-02
7.663999999999999806e-05,1.199975000000000043e-04,7.999818000000000207e-02
7.671999999999999729e-05,7.999977000000000130e-04,5.999817999999999818e-02
7.679999999999999652e-05,6.399975999999999929e-04,5.999817999999999818e-02
7.687999999999999576e-05,-4.000249000000000128e-05,7.999818000000000207e-02
7.695999999999999499e-05,-2.488377999999999821e-09,5.999817999999999818e-02
7.704000000000000778e-05,6.399975999999999929e-04,7.999818000000000207e-02
7.712000000000000701e-05,5.999975999999999964e-04,7.999818000000000207e-02
7.720000000000000625e-05,-1.600024999999999982e-04,5.999817999999999818e-02
7.728000000000000548e-05,4.799975000000000270e-04,5.999817999999999818e-02
7.736000000000000472e-05,-2.000024999999999947e-04,7.999818000000000207e-02
7.744000000000000395e-05,-1.600024999999999982e-04,7.999818000000000207e-02
7.752000000000000318e-05,6.399975999999999929e-04,5.999817999999999818e-02
7.760000000000000242e-05,4.799975000000000270e-04,5.999817999999999818e-02
7.768000000000000165e-05,-2.800025000000000148e-04,7.999818000000000207e-02
7.776000000000000089e-05,-3.600025000000000078e-04,7.999818000000000207e-02
7.784000000000000012e-05,5.599975999999999999e-04,5.999817999999999818e-02
7.791999999999999935e-05,4.799975000000000270e-04,7.999818000000000207e-02
7.799999999999999859e-05,-4.800024999999999973e-04,5.999817999999999818e-02
7.807999999999999782e-05,-3.600025000000000078e-04,7.999818000000000207e-02
7.815999999999999706e-05,3.199974999999999868e-04,5.999817999999999818e-02
7.823999999999999629e-05,3.599974999999999833e-04,7.999818000000000207e-02
7.831999999999999552e-05,-3.600025000000000078e-04,5.999817999999999818e-02
7.840000000000000831e-05,-4.400025000000000008e-04,7.999818000000000207e-02
7.848000000000000754e-05,3.599974999999999833e-04,5.999817999999999818e-02
7.856000000000000678e-05,-3.600025000000000078e-04,5.999817999999999818e-02
7.864000000000000601e-05,3.599974999999999833e-04,9.999818000000000595e-02
7.872000000000000525e-05,-4.400025000000000008e-04,7.999818000000000207e-02
7.880000000000000448e-05,4.799975000000000270e-04,5.999817999999999818e-02
7.888000000000000372e-05,3.599974999999999833e-04,7.999818000000000207e-02
7.896000000000000295e-05,-4.800024999999999973e-04,5.999817999999999818e-02
7.904000000000000218e-05,3.599974999999999833e-04,7.999818000000000207e-02
7.912000000000000142e-05,-3.600025000000000078e-04,5.999817999999999818e-02
7.920000000000000065e-05,3.599974999999999833e-04,5.999817999999999818e-02
7.927999999999999989e-05,-4.800024999999999973e-04,9.999818000000000595e-02
7.935999999999999912e-05,3.599974999999999833e-04,5.999817999999999818e-02
7.943999999999999835e-05,-3.600025000000000078e-04,9.999818000000000595e-02
7.951999999999999759e-05,1.599975000000000008e-04,5.999817999999999818e-02
7.959999999999999682e-05,-6.400025999999999632e-04,9.999818000000000595e-02
7.967999999999999606e-05,-6.800025999999999597e-04,7.999818000000000207e-02
7.975999999999999529e-05,1.599975000000000008e-04,5.999817999999999818e-02
7.984000000000000808e-05,1.199975000000000043e-04,7.999818000000000207e-02
7.992000000000000731e-05,-6.400025999999999632e-04,5.999817999999999818e-02
8.000000000000000654e-05,1.199975000000000043e-04,5.999817999999999818e-02
8.008000000000000578e-05,-6.400025999999999632e-04,1.199981999999999993e-01
8.016000000000000501e-05,-6.000025999999999667e-04,5.999817999999999818e-02
8.024000000000000425e-05,1.599975000000000008e-04,1.199981999999999993e-01
8.032000000000000348e-05,-6.000025999999999667e-04,7.999818000000000207e-02
8.040000000000000271e-05,1.199975000000000043e-04,5.999817999999999818e-02
8.048000000000000195e-05,-6.800025999999999597e-04,7.999818000000000207e-02
8.056000000000000118e-05,3.199974999999999868e-04,5.999817999999999818e-02
8.064000000000000042e-05,-4.800024999999999973e-04,5.999817999999999818e-02
8.071999999999999965e-05,3.599974999999999833e-04,7.999818000000000207e-02
8.079999999999999888e-05,3.199974999999999868e-04,7.999818000000000207e-02
8.087999999999999812e-05,-5.200025999999999737e-04,5.999817999999999818e-02
8.095999999999999735e-05,-5.200025999999999737e-04,5.999817999999999818e-02
8.103999999999999659e-05,4.799975000000000270e-04,7.999818000000000207e-02
8.111999999999999582e-05,3.599974999999999833e-04,7.999818000000000207e-02
8.119999999999999505e-05,-4.800024999999999973e-04,5.999817999999999818e-02
8.128000000000000784e-05,3.599974999999999833e-04,5.999817999999999818e-02
8.136000000000000708e-05,-4.800024999999999973e-04,7.999818000000000207e-02
8.144000000000000631e-05,-3.200025000000000113e-04,7.999818000000000207e-02
8.152000000000000554e-05,5.999975999999999964e-04,5.999817999999999818e-02
8.160000000000000478e-05,-3.200025000000000113e-04,5.999817999999999818e-02
8.168000000000000401e-05,5.599975999999999999e-04,7.999818000000000207e-02
8.176000000000000325e-05,-3.600025000000000078e-04,5.999817999999999818e-02
8.184000000000000248e-05,5.999975999999999964e-04,7.999818000000000207e-02
8.192000000000000171e-05,-2.000024999999999947e-04,5.999817999999999818e-02
8.200000000000000095e-05,5.599975999999999999e-04,7.999818000000000207e-02
8.208000000000000018e-05,5.999975999999999964e-04,7.999818000000000207e-02
8.215999999999999942e-05,-1.600024999999999982e-04,5.999817999999999818e-02
8.223999999999999865e-05,-2.000024999999999947e-04,7.999818000000000207e-02
8.231999999999999788e-05,7.599975999999999824e-04,5.999817999999999818e-02
8.239999999999999712e-05,-2.000024999999999947e-04,7.999818000000000207e-02
8.247999999999999635e-05,7.599975999999999824e-04,5.999817999999999818e-02
8.255999999999999559e-05,-1.600024999999999982e-04,5.999817999999999818e-02
8.264000000000000837e-05,6.399975999999999929e-04,7.999818000000000207e-02
8.272000000000000761e-05,7.599975999999999824e-04,7.999818000000000207e-02
8.280000000000000684e-05,-1.600024999999999982e-04,5.999817999999999818e-02
8.288000000000000608e-05,5.999975999999999964e-04,5.999817999999999818e-02
8.296000000000000531e-05,-2.800025000000000148e-04,7.999818000000000207e-02
8.304000000000000454e-05,6.399975999999999929e-04,5.999817999999999818e-02
8.312000000000000378e-05,-2.000024999999999947e-04,7.999818000000000207e-02
8.320000000000000301e-05,4.799975000000000270e-04,7.999818000000000207e-02
8.328000000000000225e-05,-2.800025000000000148e-04,5.999817999999999818e-02
8.336000000000000148e-05,-8.000249000000000455e-05,7.999818000000000207e-02
8.344000000000000071e-05,7.599975999999999824e-04,3.999818000000000123e-02
8.351999999999999995e-05,9.599976999999999989e-04,7.999818000000000207e-02
8.359999999999999918e-05,1.999974999999999973e-04,5.999817999999999818e-02
8.367999999999999842e-05,9.199977000000000025e-04,5.999817999999999818e-02
8.375999999999999765e-05,1.199975000000000043e-04,7.999818000000000207e-02
8.383999999999999688e-05,9.999977000000001039e-04,7.999818000000000207e-02
8.391999999999999612e-05,1.999974999999999973e-04,5.999817999999999818e-02
8.399999999999999535e-05,9.599976999999999989e-04,7.999818000000000207e-02
8.408000000000000814e-05,1.999974999999999973e-04,5.999817999999999818e-02
8.416000000000000737e-05,1.599975000000000008e-04,7.999818000000000207e-02
8.424000000000000661e-05,9.999977000000001039e-04,5.999817999999999818e-02
8.432000000000000584e-05,9.999977000000001039e-04,7.999818000000000207e-02
8.440000000000000507e-05,3.199974999999999868e-04,5.999817999999999818e-02
8.448000000000000431e-05,1.199975000000000043e-04,7.999818000000000207e-02
8.456000000000000354e-05,8.399977000000000095e-04,5.999817999999999818e-02
8.464000000000000278e-05,1.199975000000000043e-04,7.999818000000000207e-02
8.472000000000000201e-05,9.999977000000001039e-04,5.999817999999999818e-02
8.480000000000000124e-05,7.999977000000000130e-04,7.999818000000000207e-02
8.488000000000000048e-05,-4.000249000000000128e-05,5.999817999999999818e-02
8.495999999999999971e-05,7.599975999999999824e-04,7.999818000000000207e-02
8.503999999999999895e-05,-2.800025000000000148e-04,5.999817999999999818e-02
8.511999999999999818e-05,-4.000249000000000128e-05,5.999817999999999818e-02
8.519999999999999742e-05,7.199975999999999859e-04,7.999818000000000207e-02
8.527999999999999665e-05,6.399975999999999929e-04,7.999818000000000207e-02
8.535999999999999588e-05,-2.800025000000000148e-04,5.999817999999999818e-02
8.543999999999999512e-05,6.399975999999999929e-04,7.999818000000000207e-02
8.552000000000000790e-05,-3.600025000000000078e-04,5.999817999999999818e-02
8.560000000000000714e-05,-2.800025000000000148e-04,7.999818000000000207e-02
8.568000000000000637e-05,5.999975999999999964e-04,5.999817999999999818e-02
8.576000000000000561e-05,4.799975000000000270e-04,5.999817999999999818e-02
8.584000000000000484e-05,-3.600025000000000078e-04,7.999818000000000207e-02
8.592000000000000407e-05,4.799975000000000270e-04,7.999818000000000207e-02
8.600000000000000331e-05,-2.800025000000000148e-04,5.999817999999999818e-02
8.608000000000000254e-05,-3.600025000000000078e-04,7.999818000000000207e-02
8.616000000000000178e-05,5.599975999999999999e-04,5.999817999999999818e-02
8.624000000000000101e-05,4.799975000000000270e-04,7.999818000000000207e-02
8.632000000000000024e-05,-3.600025000000000078e-04,5.999817999999999818e-02
8.639999999999999948e-05,4.799975000000000270e-04,7.999818000000000207e-02
8.647999999999999871e-05,-3.200025000000000113e-04,5.999817999999999818e-02
8.655999999999999795e-05,3.599974999999999833e-04,5.999817999999999818e-02
8.663999999999999718e-05,-3.600025000000000078e-04,9.999818000000000595e-02
8.671999999999999641e-05,4.399974999999999763e-04,7.999818000000000207e-02
8.679999999999999565e-05,-3.600025000000000078e-04,5.999817999999999818e-02
8.688000000000000844e-05,-4.800024999999999973e-04,7.999818000000000207e-02
8.696000000000000767e-05,5.999975999999999964e-04,5.999817999999999818e-02
8.704000000000000690e-05,-4.800024999999999973e-04,7.999818000000000207e-02
8.712000000000000614e-05,4.399974999999999763e-04,5.999817999999999818e-02
8.720000000000000537e-05,3.599974999999999833e-04,7.999818000000000207e-02
8.728000000000000461e-05,-3.200025000000000113e-04,5.999817999999999818e-02
8.736000000000000384e-05,2.799974999999999903e-04,5.999817999999999818e-02
8.744000000000000307e-05,-4.400025000000000008e-04,9.999818000000000595e-02
8.752000000000000231e-05,-7.200025999999999562e-04,5.999817999999999818e-02
8.760000000000000154e-05,1.999974999999999973e-04,1.199981999999999993e-01
8.768000000000000078e-05,-5.200025999999999737e-04,5.999817999999999818e-02
8.776000000000000001e-05,1.199975000000000043e-04,9.999818000000000595e-02
8.783999999999999924e-05,-6.400025999999999632e-04,5.999817999999999818e-02
8.791999999999999848e-05,1.199975000000000043e-04,1.199981999999999993e-01
8.799999999999999771e-05,1.199975000000000043e-04,5.999817999999999818e-02
