# time, signal
0.000000000000000000e+00,1.039992999999999945e+00
2.000000000000000096e-04,1.199993000000000087e+00
4.000000000000000192e-04,1.119993000000000016e+00
6.000000000000000559e-04,1.439993000000000078e+00
8.000000000000000383e-04,1.439993000000000078e+00
1.000000000000000021e-03,1.279992999999999936e+00
1.200000000000000112e-03,1.359993000000000007e+00
1.399999999999999986e-03,1.599992999999999999e+00
1.600000000000000077e-03,1.519992999999999927e+00
1.800000000000000168e-03,1.599992999999999999e+00
2.000000000000000042e-03,1.519992999999999927e+00
2.200000000000000133e-03,1.679993000000000070e+00
2.400000000000000223e-03,1.679993000000000070e+00
2.600000000000000314e-03,1.519992999999999927e+00
2.799999999999999972e-03,1.519992999999999927e+00
3.000000000000000062e-03,1.599992999999999999e+00
3.200000000000000153e-03,1.599992999999999999e+00
3.400000000000000244e-03,1.359993000000000007e+00
3.600000000000000335e-03,1.439993000000000078e+00
3.799999999999999992e-03,1.359993000000000007e+00
4.000000000000000083e-03,1.439993000000000078e+00
4.200000000000000608e-03,1.279992999999999936e+00
4.400000000000000265e-03,1.359993000000000007e+00
4.599999999999999922e-03,1.119993000000000016e+00
4.800000000000000447e-03,1.199993000000000087e+00
5.000000000000000104e-03,1.039992999999999945e+00
5.200000000000000629e-03,1.119993000000000016e+00
5.400000000000000286e-03,8.799926000000000137e-01
5.599999999999999943e-03,9.599925999999999737e-01
5.800000000000000468e-03,7.999926000000000537e-01
6.000000000000000125e-03,8.799926000000000137e-01
6.200000000000000649e-03,5.599927000000000099e-01
6.400000000000000307e-03,7.199925999999999826e-01
6.599999999999999964e-03,4.799926999999999944e-01
6.800000000000000488e-03,5.599927000000000099e-01
7.000000000000000146e-03,3.199927000000000188e-01
7.200000000000000670e-03,3.999926999999999788e-01
7.400000000000000328e-03,7.999272999999999800e-02
7.599999999999999985e-03,1.599926999999999877e-01
7.800000000000000509e-03,-8.000727000000000533e-02
8.000000000000000167e-03,-7.271767000000000134e-06
8.200000000000000691e-03,-2.400073000000000067e-01
8.400000000000001216e-03,-1.600072999999999912e-01
8.600000000000000006e-03,-4.800072000000000227e-01
8.800000000000000530e-03,-3.200072999999999945e-01
9.000000000000001055e-03,-6.400071999999999983e-01
9.199999999999999845e-03,-5.600072000000000383e-01
9.400000000000000369e-03,-7.200071999999999584e-01
9.600000000000000894e-03,-6.400071999999999983e-01
9.799999999999999684e-03,-8.800071000000000421e-01
1.000000000000000021e-02,-8.000072000000000294e-01
1.020000000000000073e-02,-9.600071000000000021e-01
1.040000000000000126e-02,-8.800071000000000421e-01
1.060000000000000005e-02,-1.040006999999999904e+00
1.080000000000000057e-02,-1.040006999999999904e+00
1.100000000000000110e-02,-1.200007000000000046e+00
1.119999999999999989e-02,-1.120006999999999975e+00
1.140000000000000041e-02,-1.280006999999999895e+00
1.160000000000000094e-02,-1.200007000000000046e+00
1.179999999999999973e-02,-1.440007000000000037e+00
1.200000000000000025e-02,-1.360006999999999966e+00
1.220000000000000077e-02,-1.520007000000000108e+00
1.240000000000000130e-02,-1.360006999999999966e+00
1.260000000000000009e-02,-1.520007000000000108e+00
1.280000000000000061e-02,-1.520007000000000108e+00
1.300000000000000114e-02,-1.440007000000000037e+00
1.319999999999999993e-02,-1.440007000000000037e+00
1.340000000000000045e-02,-1.520007000000000108e+00
1.360000000000000098e-02,-1.520007000000000108e+00
1.380000000000000150e-02,-1.440007000000000037e+00
1.400000000000000029e-02,-1.520007000000000108e+00
1.420000000000000082e-02,-1.360006999999999966e+00
1.440000000000000134e-02,-1.440007000000000037e+00
1.460000000000000013e-02,-1.200007000000000046e+00
1.480000000000000066e-02,-1.280006999999999895e+00
1.500000000000000118e-02,-1.120006999999999975e+00
1.519999999999999997e-02,-1.200007000000000046e+00
1.540000000000000049e-02,-9.600071000000000021e-01
1.560000000000000102e-02,-1.040006999999999904e+00
1.580000000000000154e-02,-8.000072000000000294e-01
1.600000000000000033e-02,-8.000072000000000294e-01
1.619999999999999912e-02,-9.600071000000000021e-01
1.640000000000000138e-02,-8.800071000000000421e-01
1.660000000000000017e-02,-5.600072000000000383e-01
1.680000000000000243e-02,-7.200071999999999584e-01
1.700000000000000122e-02,-4.000072000000000072e-01
1.720000000000000001e-02,-4.800072000000000227e-01
1.740000000000000227e-02,-3.200072999999999945e-01
1.760000000000000106e-02,-4.000072000000000072e-01
1.779999999999999985e-02,-1.600072999999999912e-01
1.800000000000000211e-02,-2.400073000000000067e-01
1.820000000000000090e-02,7.999272999999999800e-02
1.839999999999999969e-02,-7.271767000000000134e-06
1.860000000000000195e-02,1.599926999999999877e-01
1.880000000000000074e-02,7.999272999999999800e-02
1.899999999999999953e-02,3.199927000000000188e-01
1.920000000000000179e-02,2.399927000000000032e-01
1.940000000000000058e-02,3.999926999999999788e-01
1.959999999999999937e-02,3.199927000000000188e-01
1.980000000000000163e-02,6.399926999999999699e-01
2.000000000000000042e-02,5.599927000000000099e-01
2.020000000000000268e-02,7.199925999999999826e-01
2.040000000000000147e-02,7.199925999999999826e-01
2.060000000000000026e-02,9.599925999999999737e-01
2.080000000000000251e-02,8.799926000000000137e-01
2.100000000000000130e-02,1.199993000000000087e+00
2.120000000000000009e-02,1.119993000000000016e+00
2.140000000000000235e-02,1.359993000000000007e+00
2.160000000000000114e-02,1.279992999999999936e+00
2.179999999999999993e-02,1.439993000000000078e+00
2.200000000000000219e-02,1.359993000000000007e+00
2.220000000000000098e-02,1.599992999999999999e+00
2.239999999999999977e-02,1.359993000000000007e+00
2.260000000000000203e-02,1.679993000000000070e+00
2.280000000000000082e-02,1.519992999999999927e+00
2.299999999999999961e-02,1.679993000000000070e+00
2.320000000000000187e-02,1.679993000000000070e+00
2.340000000000000066e-02,1.519992999999999927e+00
2.359999999999999945e-02,1.679993000000000070e+00
2.380000000000000171e-02,1.519992999999999927e+00
2.400000000000000050e-02,1.519992999999999927e+00
2.420000000000000276e-02,1.599992999999999999e+00
2.440000000000000155e-02,1.599992999999999999e+00
2.460000000000000034e-02,1.359993000000000007e+00
2.480000000000000260e-02,1.359993000000000007e+00
2.500000000000000139e-02,1.439993000000000078e+00
2.520000000000000018e-02,1.439993000000000078e+00
2.540000000000000244e-02,1.279992999999999936e+00
2.560000000000000123e-02,1.359993000000000007e+00
2.580000000000000002e-02,1.119993000000000016e+00
2.600000000000000228e-02,1.199993000000000087e+00
2.620000000000000107e-02,1.039992999999999945e+00
2.639999999999999986e-02,1.119993000000000016e+00
2.660000000000000211e-02,7.999926000000000537e-01
2.680000000000000090e-02,9.599925999999999737e-01
2.699999999999999969e-02,7.199925999999999826e-01
2.720000000000000195e-02,7.199925999999999826e-01
2.740000000000000074e-02,5.599927000000000099e-01
2.760000000000000300e-02,6.399926999999999699e-01
2.780000000000000179e-02,4.799926999999999944e-01
2.800000000000000058e-02,4.799926999999999944e-01
2.820000000000000284e-02,2.399927000000000032e-01
2.840000000000000163e-02,3.199927000000000188e-01
2.860000000000000042e-02,-7.271767000000000134e-06
2.880000000000000268e-02,1.599926999999999877e-01
2.900000000000000147e-02,-1.600072999999999912e-01
2.920000000000000026e-02,-8.000727000000000533e-02
2.940000000000000252e-02,-4.000072000000000072e-01
2.960000000000000131e-02,-3.200072999999999945e-01
2.980000000000000010e-02,-4.800072000000000227e-01
3.000000000000000236e-02,-4.000072000000000072e-01
3.020000000000000115e-02,-6.400071999999999983e-01
3.039999999999999994e-02,-5.600072000000000383e-01
3.060000000000000220e-02,-8.000072000000000294e-01
3.080000000000000099e-02,-7.200071999999999584e-01
3.099999999999999978e-02,-9.600071000000000021e-01
3.120000000000000204e-02,-8.800071000000000421e-01
3.140000000000000430e-02,-1.040006999999999904e+00
3.160000000000000309e-02,-9.600071000000000021e-01
3.180000000000000188e-02,-1.200007000000000046e+00
3.200000000000000067e-02,-1.120006999999999975e+00
3.219999999999999946e-02,-1.280006999999999895e+00
3.239999999999999825e-02,-1.440007000000000037e+00
3.260000000000000397e-02,-1.200007000000000046e+00
3.280000000000000276e-02,-1.360006999999999966e+00
3.300000000000000155e-02,-1.520007000000000108e+00
3.320000000000000034e-02,-1.520007000000000108e+00
3.339999999999999913e-02,-1.440007000000000037e+00
3.360000000000000486e-02,-1.440007000000000037e+00
3.380000000000000365e-02,-1.520007000000000108e+00
3.400000000000000244e-02,-1.520007000000000108e+00
3.420000000000000123e-02,-1.440007000000000037e+00
3.440000000000000002e-02,-1.440007000000000037e+00
3.459999999999999881e-02,-1.520007000000000108e+00
3.480000000000000454e-02,-1.520007000000000108e+00
3.500000000000000333e-02,-1.360006999999999966e+00
3.520000000000000212e-02,-1.440007000000000037e+00
3.540000000000000091e-02,-1.200007000000000046e+00
3.559999999999999970e-02,-1.360006999999999966e+00
3.579999999999999849e-02,-1.120006999999999975e+00
3.600000000000000422e-02,-1.200007000000000046e+00
3.620000000000000301e-02,-9.600071000000000021e-01
3.640000000000000180e-02,-1.040006999999999904e+00
3.660000000000000059e-02,-8.800071000000000421e-01
3.679999999999999938e-02,-9.600071000000000021e-01
3.700000000000000511e-02,-8.000072000000000294e-01
3.720000000000000390e-02,-8.800071000000000421e-01
3.740000000000000269e-02,-6.400071999999999983e-01
3.760000000000000148e-02,-7.200071999999999584e-01
3.780000000000000027e-02,-5.600072000000000383e-01
3.799999999999999906e-02,-6.400071999999999983e-01
3.820000000000000479e-02,-4.000072000000000072e-01
3.840000000000000357e-02,-4.800072000000000227e-01
3.860000000000000236e-02,-3.200072999999999945e-01
3.880000000000000115e-02,-4.000072000000000072e-01
3.899999999999999994e-02,-8.000727000000000533e-02
3.919999999999999873e-02,-1.600072999999999912e-01
3.940000000000000446e-02,7.999272999999999800e-02
3.960000000000000325e-02,-7.271767000000000134e-06
3.980000000000000204e-02,3.199927000000000188e-01
4.000000000000000083e-02,1.599926999999999877e-01
4.019999999999999962e-02,3.999926999999999788e-01
4.040000000000000535e-02,3.199927000000000188e-01
4.060000000000000414e-02,5.599927000000000099e-01
4.080000000000000293e-02,4.799926999999999944e-01
4.100000000000000172e-02,7.199925999999999826e-01
4.120000000000000051e-02,6.399926999999999699e-01
4.139999999999999930e-02,9.599925999999999737e-01
4.160000000000000503e-02,8.799926000000000137e-01
4.180000000000000382e-02,1.119993000000000016e+00
4.200000000000000261e-02,1.039992999999999945e+00
4.220000000000000140e-02,1.359993000000000007e+00
4.240000000000000019e-02,1.279992999999999936e+00
4.259999999999999898e-02,1.439993000000000078e+00
4.280000000000000471e-02,1.359993000000000007e+00
4.300000000000000350e-02,1.599992999999999999e+00
4.320000000000000229e-02,1.519992999999999927e+00
4.340000000000000108e-02,1.599992999999999999e+00
4.359999999999999987e-02,1.519992999999999927e+00
4.379999999999999866e-02,1.679993000000000070e+00
4.400000000000000439e-02,1.679993000000000070e+00
4.420000000000000318e-02,1.599992999999999999e+00
4.440000000000000197e-02,1.599992999999999999e+00
4.460000000000000075e-02,1.679993000000000070e+00
4.479999999999999954e-02,1.679993000000000070e+00
4.500000000000000527e-02,1.519992999999999927e+00
4.520000000000000406e-02,1.519992999999999927e+00
4.540000000000000285e-02,1.599992999999999999e+00
4.560000000000000164e-02,1.599992999999999999e+00
4.580000000000000043e-02,1.359993000000000007e+00
4.599999999999999922e-02,1.439993000000000078e+00
4.620000000000000495e-02,1.359993000000000007e+00
4.640000000000000374e-02,1.439993000000000078e+00
4.660000000000000253e-02,1.279992999999999936e+00
4.680000000000000132e-02,1.359993000000000007e+00
4.700000000000000011e-02,1.119993000000000016e+00
4.719999999999999890e-02,1.199993000000000087e+00
4.740000000000000463e-02,8.799926000000000137e-01
4.760000000000000342e-02,9.599925999999999737e-01
4.780000000000000221e-02,7.999926000000000537e-01
4.800000000000000100e-02,8.799926000000000137e-01
4.819999999999999979e-02,6.399926999999999699e-01
4.840000000000000552e-02,7.199925999999999826e-01
4.860000000000000431e-02,4.799926999999999944e-01
4.880000000000000310e-02,5.599927000000000099e-01
4.900000000000000189e-02,3.199927000000000188e-01
4.920000000000000068e-02,3.999926999999999788e-01
4.939999999999999947e-02,7.999272999999999800e-02
4.960000000000000520e-02,1.599926999999999877e-01
4.980000000000000399e-02,-7.271767000000000134e-06
5.000000000000000278e-02,-7.271767000000000134e-06
5.020000000000000157e-02,-2.400073000000000067e-01
5.040000000000000036e-02,-1.600072999999999912e-01
5.059999999999999915e-02,-4.000072000000000072e-01
5.080000000000000487e-02,-3.200072999999999945e-01
5.100000000000000366e-02,-5.600072000000000383e-01
5.120000000000000245e-02,-4.000072000000000072e-01
5.140000000000000124e-02,-7.200071999999999584e-01
5.160000000000000003e-02,-6.400071999999999983e-01
5.180000000000000576e-02,-8.800071000000000421e-01
5.200000000000000455e-02,-8.000072000000000294e-01
5.220000000000000334e-02,-1.040006999999999904e+00
5.240000000000000213e-02,-8.800071000000000421e-01
5.260000000000000092e-02,-1.200007000000000046e+00
5.279999999999999971e-02,-1.120006999999999975e+00
5.300000000000000544e-02,-1.280006999999999895e+00
5.320000000000000423e-02,-1.200007000000000046e+00
5.340000000000000302e-02,-1.440007000000000037e+00
5.360000000000000181e-02,-1.440007000000000037e+00
5.380000000000000060e-02,-1.360006999999999966e+00
5.399999999999999939e-02,-1.360006999999999966e+00
5.420000000000000512e-02,-1.520007000000000108e+00
5.440000000000000391e-02,-1.520007000000000108e+00
5.460000000000000270e-02,-1.440007000000000037e+00
5.480000000000000149e-02,-1.440007000000000037e+00
5.500000000000000028e-02,-1.680007000000000028e+00
5.520000000000000601e-02,-1.440007000000000037e+00
5.540000000000000480e-02,-1.680007000000000028e+00
5.560000000000000359e-02,-1.520007000000000108e+00
5.580000000000000238e-02,-1.440007000000000037e+00
5.600000000000000117e-02,-1.520007000000000108e+00
5.619999999999999996e-02,-1.360006999999999966e+00
5.640000000000000568e-02,-1.440007000000000037e+00
5.660000000000000447e-02,-1.200007000000000046e+00
5.680000000000000326e-02,-1.280006999999999895e+00
5.700000000000000205e-02,-1.120006999999999975e+00
5.720000000000000084e-02,-1.200007000000000046e+00
5.739999999999999963e-02,-1.040006999999999904e+00
5.760000000000000536e-02,-1.040006999999999904e+00
5.780000000000000415e-02,-8.800071000000000421e-01
5.800000000000000294e-02,-9.600071000000000021e-01
5.820000000000000173e-02,-8.000072000000000294e-01
5.840000000000000052e-02,-8.800071000000000421e-01
5.860000000000000625e-02,-6.400071999999999983e-01
5.880000000000000504e-02,-7.200071999999999584e-01
5.900000000000000383e-02,-5.600072000000000383e-01
5.920000000000000262e-02,-6.400071999999999983e-01
5.940000000000000141e-02,-3.200072999999999945e-01
5.960000000000000020e-02,-4.000072000000000072e-01
5.980000000000000593e-02,-1.600072999999999912e-01
6.000000000000000472e-02,-2.400073000000000067e-01
6.020000000000000351e-02,-8.000727000000000533e-02
6.040000000000000230e-02,-1.600072999999999912e-01
6.060000000000000109e-02,1.599926999999999877e-01
6.079999999999999988e-02,7.999272999999999800e-02
6.100000000000000561e-02,3.199927000000000188e-01
6.120000000000000440e-02,2.399927000000000032e-01
6.140000000000000319e-02,4.799926999999999944e-01
6.160000000000000198e-02,3.999926999999999788e-01
6.180000000000000077e-02,6.399926999999999699e-01
6.199999999999999956e-02,5.599927000000000099e-01
6.220000000000000528e-02,8.799926000000000137e-01
6.240000000000000407e-02,7.999926000000000537e-01
6.260000000000000286e-02,1.119993000000000016e+00
6.280000000000000859e-02,9.599925999999999737e-01
6.300000000000000044e-02,1.199993000000000087e+00
6.320000000000000617e-02,1.359993000000000007e+00
6.339999999999999802e-02,1.119993000000000016e+00
6.360000000000000375e-02,1.279992999999999936e+00
6.380000000000000948e-02,1.599992999999999999e+00
6.400000000000000133e-02,1.359993000000000007e+00
6.420000000000000706e-02,1.599992999999999999e+00
6.439999999999999891e-02,1.519992999999999927e+00
6.460000000000000464e-02,1.679993000000000070e+00
6.479999999999999649e-02,1.599992999999999999e+00
6.500000000000000222e-02,1.679993000000000070e+00
6.520000000000000795e-02,1.679993000000000070e+00
6.539999999999999980e-02,1.599992999999999999e+00
6.560000000000000553e-02,1.599992999999999999e+00
6.579999999999999738e-02,1.679993000000000070e+00
6.600000000000000311e-02,1.679993000000000070e+00
6.620000000000000884e-02,1.519992999999999927e+00
6.640000000000000069e-02,1.679993000000000070e+00
6.660000000000000642e-02,1.519992999999999927e+00
6.679999999999999827e-02,1.599992999999999999e+00
6.700000000000000400e-02,1.359993000000000007e+00
6.720000000000000973e-02,1.439993000000000078e+00
6.740000000000000158e-02,1.279992999999999936e+00
6.760000000000000731e-02,1.359993000000000007e+00
6.779999999999999916e-02,1.119993000000000016e+00
6.800000000000000488e-02,1.199993000000000087e+00
6.819999999999999674e-02,1.039992999999999945e+00
6.840000000000000246e-02,1.119993000000000016e+00
6.860000000000000819e-02,8.799926000000000137e-01
6.880000000000000004e-02,9.599925999999999737e-01
6.900000000000000577e-02,7.199925999999999826e-01
6.919999999999999762e-02,8.799926000000000137e-01
6.940000000000000335e-02,5.599927000000000099e-01
6.960000000000000908e-02,6.399926999999999699e-01
6.980000000000000093e-02,4.799926999999999944e-01
7.000000000000000666e-02,5.599927000000000099e-01
7.019999999999999851e-02,2.399927000000000032e-01
7.040000000000000424e-02,3.199927000000000188e-01
7.060000000000000997e-02,-7.271767000000000134e-06
7.080000000000000182e-02,7.999272999999999800e-02
7.100000000000000755e-02,-1.600072999999999912e-01
7.119999999999999940e-02,-8.000727000000000533e-02
7.140000000000000513e-02,-4.000072000000000072e-01
7.159999999999999698e-02,-3.200072999999999945e-01
7.180000000000000271e-02,-4.800072000000000227e-01
7.200000000000000844e-02,-4.000072000000000072e-01
7.220000000000000029e-02,-7.200071999999999584e-01
7.240000000000000602e-02,-6.400071999999999983e-01
7.259999999999999787e-02,-8.800071000000000421e-01
7.280000000000000360e-02,-8.000072000000000294e-01
7.300000000000000933e-02,-9.600071000000000021e-01
7.320000000000000118e-02,-8.800071000000000421e-01
7.340000000000000691e-02,-1.200007000000000046e+00
7.359999999999999876e-02,-1.040006999999999904e+00
7.380000000000000449e-02,-1.280006999999999895e+00
7.400000000000001021e-02,-1.200007000000000046e+00
7.420000000000000207e-02,-1.440007000000000037e+00
7.440000000000000779e-02,-1.200007000000000046e+00
7.459999999999999964e-02,-1.440007000000000037e+00
7.480000000000000537e-02,-1.360006999999999966e+00
7.499999999999999722e-02,-1.520007000000000108e+00
7.520000000000000295e-02,-1.440007000000000037e+00
7.540000000000000868e-02,-1.680007000000000028e+00
7.560000000000000053e-02,-1.680007000000000028e+00
7.580000000000000626e-02,-1.440007000000000037e+00
7.599999999999999811e-02,-1.440007000000000037e+00
7.620000000000000384e-02,-1.680007000000000028e+00
7.640000000000000957e-02,-1.440007000000000037e+00
7.660000000000000142e-02,-1.680007000000000028e+00
7.680000000000000715e-02,-1.520007000000000108e+00
7.699999999999999900e-02,-1.440007000000000037e+00
7.720000000000000473e-02,-1.520007000000000108e+00
7.740000000000001046e-02,-1.360006999999999966e+00
7.760000000000000231e-02,-1.440007000000000037e+00
7.780000000000000804e-02,-1.200007000000000046e+00
7.799999999999999989e-02,-1.280006999999999895e+00
7.820000000000000562e-02,-1.120006999999999975e+00
7.839999999999999747e-02,-1.200007000000000046e+00
7.860000000000000320e-02,-8.800071000000000421e-01
7.880000000000000893e-02,-1.040006999999999904e+00
7.900000000000000078e-02,-8.000072000000000294e-01
7.920000000000000651e-02,-9.600071000000000021e-01
7.939999999999999836e-02,-6.400071999999999983e-01
7.960000000000000409e-02,-8.000072000000000294e-01
7.980000000000000981e-02,-5.600072000000000383e-01
8.000000000000000167e-02,-6.400071999999999983e-01
8.020000000000000739e-02,-4.000072000000000072e-01
8.039999999999999925e-02,-4.800072000000000227e-01
8.060000000000000497e-02,-3.200072999999999945e-01
8.080000000000001070e-02,-4.000072000000000072e-01
8.100000000000000255e-02,-8.000727000000000533e-02
8.120000000000000828e-02,-1.600072999999999912e-01
8.140000000000000013e-02,7.999272999999999800e-02
8.160000000000000586e-02,-7.271767000000000134e-06
8.179999999999999771e-02,1.599926999999999877e-01
8.200000000000000344e-02,7.999272999999999800e-02
8.220000000000000917e-02,3.999926999999999788e-01
8.240000000000000102e-02,3.199927000000000188e-01
8.260000000000000675e-02,5.599927000000000099e-01
8.279999999999999860e-02,4.799926999999999944e-01
8.300000000000000433e-02,7.199925999999999826e-01
8.320000000000001006e-02,7.199925999999999826e-01
8.340000000000000191e-02,9.599925999999999737e-01
8.360000000000000764e-02,8.799926000000000137e-01
8.379999999999999949e-02,1.199993000000000087e+00
8.400000000000000522e-02,1.119993000000000016e+00
8.420000000000001095e-02,1.359993000000000007e+00
8.440000000000000280e-02,1.279992999999999936e+00
8.460000000000000853e-02,1.439993000000000078e+00
8.480000000000000038e-02,1.359993000000000007e+00
8.500000000000000611e-02,1.599992999999999999e+00
8.519999999999999796e-02,1.519992999999999927e+00
8.540000000000000369e-02,1.679993000000000070e+00
8.560000000000000941e-02,1.679993000000000070e+00
8.580000000000000127e-02,1.599992999999999999e+00
8.600000000000000699e-02,1.599992999999999999e+00
8.619999999999999885e-02,1.839992999999999990e+00
8.640000000000000457e-02,1.759992999999999919e+00
8.660000000000001030e-02,1.599992999999999999e+00
8.680000000000000215e-02,1.679993000000000070e+00
8.700000000000000788e-02,1.599992999999999999e+00
8.719999999999999973e-02,1.679993000000000070e+00
8.740000000000000546e-02,1.519992999999999927e+00
8.759999999999999731e-02,1.599992999999999999e+00
8.780000000000000304e-02,1.359993000000000007e+00
8.800000000000000877e-02,1.519992999999999927e+00
8.820000000000000062e-02,1.279992999999999936e+00
8.840000000000000635e-02,1.279992999999999936e+00
8.859999999999999820e-02,1.439993000000000078e+00
8.880000000000000393e-02,1.359993000000000007e+00
8.900000000000000966e-02,1.119993000000000016e+00
8.920000000000000151e-02,1.199993000000000087e+00
8.940000000000000724e-02,9.599925999999999737e-01
8.959999999999999909e-02,1.039992999999999945e+00
8.980000000000000482e-02,7.999926000000000537e-01
9.000000000000001055e-02,8.799926000000000137e-01
9.020000000000000240e-02,6.399926999999999699e-01
9.040000000000000813e-02,7.199925999999999826e-01
9.059999999999999998e-02,4.799926999999999944e-01
9.080000000000000571e-02,5.599927000000000099e-01
9.099999999999999756e-02,3.199927000000000188e-01
9.120000000000000329e-02,3.999926999999999788e-01
9.140000000000000902e-02,7.999272999999999800e-02
9.160000000000000087e-02,1.599926999999999877e-01
9.180000000000000659e-02,-8.000727000000000533e-02
9.199999999999999845e-02,7.999272999999999800e-02
9.220000000000000417e-02,-2.400073000000000067e-01
9.240000000000000990e-02,-1.600072999999999912e-01
9.260000000000000175e-02,-4.800072000000000227e-01
9.280000000000000748e-02,-4.000072000000000072e-01
9.299999999999999933e-02,-6.400071999999999983e-01
9.320000000000000506e-02,-5.600072000000000383e-01
9.340000000000001079e-02,-7.200071999999999584e-01
9.360000000000000264e-02,-6.400071999999999983e-01
9.380000000000000837e-02,-9.600071000000000021e-01
9.400000000000000022e-02,-8.000072000000000294e-01
9.420000000000000595e-02,-1.040006999999999904e+00
9.439999999999999780e-02,-9.600071000000000021e-01
9.460000000000000353e-02,-1.200007000000000046e+00
9.480000000000000926e-02,-1.120006999999999975e+00
9.500000000000000111e-02,-1.280006999999999895e+00
9.520000000000000684e-02,-1.200007000000000046e+00
9.539999999999999869e-02,-1.440007000000000037e+00
9.560000000000000442e-02,-1.360006999999999966e+00
9.580000000000001015e-02,-1.520007000000000108e+00
9.600000000000000200e-02,-1.440007000000000037e+00
9.620000000000000773e-02,-1.520007000000000108e+00
9.639999999999999958e-02,-1.440007000000000037e+00
9.660000000000000531e-02,-1.680007000000000028e+00
9.680000000000001104e-02,-1.440007000000000037e+00
9.700000000000000289e-02,-1.680007000000000028e+00
9.720000000000000862e-02,-1.440007000000000037e+00
9.740000000000000047e-02,-1.680007000000000028e+00
9.760000000000000620e-02,-1.680007000000000028e+00
9.779999999999999805e-02,-1.440007000000000037e+00
9.800000000000000377e-02,-1.520007000000000108e+00
9.820000000000000950e-02,-1.360006999999999966e+00
9.840000000000000135e-02,-1.440007000000000037e+00
9.860000000000000708e-02,-1.280006999999999895e+00
9.879999999999999893e-02,-1.440007000000000037e+00
9.900000000000000466e-02,-1.120006999999999975e+00
9.920000000000001039e-02,-1.200007000000000046e+00
9.940000000000000224e-02,-9.600071000000000021e-01
9.960000000000000797e-02,-1.040006999999999904e+00
9.979999999999999982e-02,-8.800071000000000421e-01
1.000000000000000056e-01,-9.600071000000000021e-01
1.002000000000000113e-01,-8.000072000000000294e-01
1.004000000000000031e-01,-8.000072000000000294e-01
1.006000000000000089e-01,-6.400071999999999983e-01
1.008000000000000007e-01,-7.200071999999999584e-01
1.010000000000000064e-01,-5.600072000000000383e-01
1.011999999999999983e-01,-6.400071999999999983e-01
1.014000000000000040e-01,-3.200072999999999945e-01
1.016000000000000097e-01,-4.000072000000000072e-01
1.018000000000000016e-01,-1.600072999999999912e-01
1.020000000000000073e-01,-2.400073000000000067e-01
1.021999999999999992e-01,7.999272999999999800e-02
1.024000000000000049e-01,-7.271767000000000134e-06
1.026000000000000106e-01,1.599926999999999877e-01
1.028000000000000025e-01,7.999272999999999800e-02
1.030000000000000082e-01,3.199927000000000188e-01
1.032000000000000001e-01,2.399927000000000032e-01
1.034000000000000058e-01,5.599927000000000099e-01
1.036000000000000115e-01,4.799926999999999944e-01
1.038000000000000034e-01,6.399926999999999699e-01
1.040000000000000091e-01,5.599927000000000099e-01
1.042000000000000010e-01,8.799926000000000137e-01
1.044000000000000067e-01,7.999926000000000537e-01
1.045999999999999985e-01,1.119993000000000016e+00
1.048000000000000043e-01,1.039992999999999945e+00
1.050000000000000100e-01,1.279992999999999936e+00
1.052000000000000018e-01,1.119993000000000016e+00
1.054000000000000076e-01,1.439993000000000078e+00
1.055999999999999994e-01,1.279992999999999936e+00
1.058000000000000052e-01,1.599992999999999999e+00
1.060000000000000109e-01,1.599992999999999999e+00
1.062000000000000027e-01,1.359993000000000007e+00
1.064000000000000085e-01,1.519992999999999927e+00
1.066000000000000003e-01,1.679993000000000070e+00
1.068000000000000060e-01,1.679993000000000070e+00
1.070000000000000118e-01,1.599992999999999999e+00
1.072000000000000036e-01,1.599992999999999999e+00
1.074000000000000093e-01,1.679993000000000070e+00
1.076000000000000012e-01,1.679993000000000070e+00
1.078000000000000069e-01,1.519992999999999927e+00
1.079999999999999988e-01,1.519992999999999927e+00
1.082000000000000045e-01,1.679993000000000070e+00
1.084000000000000102e-01,1.599992999999999999e+00
1.086000000000000021e-01,1.359993000000000007e+00
1.088000000000000078e-01,1.359993000000000007e+00
1.089999999999999997e-01,1.599992999999999999e+00
1.092000000000000054e-01,1.439993000000000078e+00
1.094000000000000111e-01,1.279992999999999936e+00
1.096000000000000030e-01,1.359993000000000007e+00
1.098000000000000087e-01,1.119993000000000016e+00
1.100000000000000006e-01,1.199993000000000087e+00
1.102000000000000063e-01,1.039992999999999945e+00
1.104000000000000120e-01,1.119993000000000016e+00
1.106000000000000039e-01,7.999926000000000537e-01
1.108000000000000096e-01,9.599925999999999737e-01
1.110000000000000014e-01,7.199925999999999826e-01
1.112000000000000072e-01,7.199925999999999826e-01
1.113999999999999990e-01,5.599927000000000099e-01
1.116000000000000048e-01,6.399926999999999699e-01
1.118000000000000105e-01,3.199927000000000188e-01
1.120000000000000023e-01,3.999926999999999788e-01
1.122000000000000081e-01,2.399927000000000032e-01
1.123999999999999999e-01,3.199927000000000188e-01
1.126000000000000056e-01,-7.271767000000000134e-06
1.128000000000000114e-01,7.999272999999999800e-02
1.130000000000000032e-01,-2.400073000000000067e-01
1.132000000000000089e-01,-8.000727000000000533e-02
1.134000000000000008e-01,-4.000072000000000072e-01
1.136000000000000065e-01,-3.200072999999999945e-01
1.138000000000000123e-01,-4.800072000000000227e-01
1.140000000000000041e-01,-4.000072000000000072e-01
1.142000000000000098e-01,-7.200071999999999584e-01
1.144000000000000017e-01,-6.400071999999999983e-01
1.146000000000000074e-01,-8.800071000000000421e-01
1.147999999999999993e-01,-8.000072000000000294e-01
1.150000000000000050e-01,-9.600071000000000021e-01
1.152000000000000107e-01,-8.800071000000000421e-01
1.154000000000000026e-01,-1.040006999999999904e+00
1.156000000000000083e-01,-9.600071000000000021e-01
1.158000000000000002e-01,-1.200007000000000046e+00
1.160000000000000059e-01,-1.120006999999999975e+00
1.162000000000000116e-01,-1.280006999999999895e+00
1.164000000000000035e-01,-1.440007000000000037e+00
1.166000000000000092e-01,-1.200007000000000046e+00
1.168000000000000010e-01,-1.360006999999999966e+00
1.170000000000000068e-01,-1.520007000000000108e+00
1.172000000000000125e-01,-1.520007000000000108e+00
1.174000000000000044e-01,-1.440007000000000037e+00
1.176000000000000101e-01,-1.520007000000000108e+00
1.178000000000000019e-01,-1.440007000000000037e+00
1.180000000000000077e-01,-1.520007000000000108e+00
1.181999999999999995e-01,-1.440007000000000037e+00
1.184000000000000052e-01,-1.440007000000000037e+00
1.186000000000000110e-01,-1.520007000000000108e+00
1.188000000000000028e-01,-1.520007000000000108e+00
1.190000000000000085e-01,-1.360006999999999966e+00
1.192000000000000004e-01,-1.440007000000000037e+00
1.194000000000000061e-01,-1.200007000000000046e+00
1.196000000000000119e-01,-1.280006999999999895e+00
1.198000000000000037e-01,-1.120006999999999975e+00
1.200000000000000094e-01,-1.200007000000000046e+00
1.202000000000000013e-01,-9.600071000000000021e-01
1.204000000000000070e-01,-1.040006999999999904e+00
1.205999999999999989e-01,-8.800071000000000421e-01
1.208000000000000046e-01,-9.600071000000000021e-01
1.210000000000000103e-01,-8.000072000000000294e-01
1.212000000000000022e-01,-8.800071000000000421e-01
1.214000000000000079e-01,-6.400071999999999983e-01
1.215999999999999998e-01,-7.200071999999999584e-01
1.218000000000000055e-01,-5.600072000000000383e-01
1.220000000000000112e-01,-6.400071999999999983e-01
1.222000000000000031e-01,-4.000072000000000072e-01
1.224000000000000088e-01,-4.800072000000000227e-01
1.226000000000000006e-01,-1.600072999999999912e-01
1.228000000000000064e-01,-2.400073000000000067e-01
1.230000000000000121e-01,-8.000727000000000533e-02
1.232000000000000040e-01,-1.600072999999999912e-01
1.234000000000000097e-01,7.999272999999999800e-02
1.236000000000000015e-01,-7.271767000000000134e-06
1.238000000000000073e-01,3.199927000000000188e-01
1.239999999999999991e-01,2.399927000000000032e-01
1.242000000000000048e-01,3.999926999999999788e-01
1.244000000000000106e-01,3.199927000000000188e-01
1.246000000000000024e-01,6.399926999999999699e-01
1.248000000000000081e-01,5.599927000000000099e-01
1.250000000000000000e-01,7.199925999999999826e-01
1.252000000000000057e-01,6.399926999999999699e-01
1.254000000000000115e-01,9.599925999999999737e-01
1.256000000000000172e-01,8.799926000000000137e-01
1.257999999999999952e-01,1.199993000000000087e+00
1.260000000000000009e-01,1.039992999999999945e+00
1.262000000000000066e-01,1.359993000000000007e+00
1.264000000000000123e-01,1.279992999999999936e+00
1.266000000000000181e-01,1.439993000000000078e+00
1.267999999999999960e-01,1.359993000000000007e+00
1.270000000000000018e-01,1.599992999999999999e+00
1.272000000000000075e-01,1.519992999999999927e+00
1.274000000000000132e-01,1.599992999999999999e+00
1.276000000000000190e-01,1.519992999999999927e+00
1.277999999999999969e-01,1.679993000000000070e+00
1.280000000000000027e-01,1.519992999999999927e+00
1.282000000000000084e-01,1.679993000000000070e+00
1.284000000000000141e-01,1.519992999999999927e+00
1.286000000000000199e-01,1.679993000000000070e+00
1.287999999999999978e-01,1.599992999999999999e+00
1.290000000000000036e-01,1.519992999999999927e+00
1.292000000000000093e-01,1.599992999999999999e+00
1.294000000000000150e-01,1.359993000000000007e+00
1.295999999999999930e-01,1.359993000000000007e+00
1.297999999999999987e-01,1.439993000000000078e+00
1.300000000000000044e-01,1.439993000000000078e+00
1.302000000000000102e-01,1.279992999999999936e+00
1.304000000000000159e-01,1.359993000000000007e+00
1.305999999999999939e-01,1.119993000000000016e+00
1.307999999999999996e-01,1.199993000000000087e+00
1.310000000000000053e-01,1.039992999999999945e+00
1.312000000000000111e-01,1.119993000000000016e+00
1.314000000000000168e-01,8.799926000000000137e-01
1.315999999999999948e-01,9.599925999999999737e-01
1.318000000000000005e-01,7.199925999999999826e-01
1.320000000000000062e-01,8.799926000000000137e-01
1.322000000000000119e-01,5.599927000000000099e-01
1.324000000000000177e-01,6.399926999999999699e-01
1.325999999999999956e-01,4.799926999999999944e-01
1.328000000000000014e-01,4.799926999999999944e-01
1.330000000000000071e-01,2.399927000000000032e-01
1.332000000000000128e-01,3.199927000000000188e-01
1.334000000000000186e-01,7.999272999999999800e-02
1.335999999999999965e-01,1.599926999999999877e-01
1.338000000000000023e-01,-1.600072999999999912e-01
1.340000000000000080e-01,-8.000727000000000533e-02
1.342000000000000137e-01,-2.400073000000000067e-01
1.344000000000000195e-01,-1.600072999999999912e-01
1.345999999999999974e-01,-4.000072000000000072e-01
1.348000000000000032e-01,-3.200072999999999945e-01
1.350000000000000089e-01,-6.400071999999999983e-01
1.352000000000000146e-01,-5.600072000000000383e-01
1.354000000000000203e-01,-7.200071999999999584e-01
1.355999999999999983e-01,-6.400071999999999983e-01
1.358000000000000040e-01,-9.600071000000000021e-01
1.360000000000000098e-01,-8.000072000000000294e-01
1.362000000000000155e-01,-1.040006999999999904e+00
1.363999999999999935e-01,-8.800071000000000421e-01
1.365999999999999992e-01,-1.200007000000000046e+00
1.368000000000000049e-01,-1.120006999999999975e+00
1.370000000000000107e-01,-1.280006999999999895e+00
1.372000000000000164e-01,-1.200007000000000046e+00
1.373999999999999944e-01,-1.440007000000000037e+00
1.376000000000000001e-01,-1.440007000000000037e+00
1.378000000000000058e-01,-1.360006999999999966e+00
1.380000000000000115e-01,-1.360006999999999966e+00
1.382000000000000173e-01,-1.520007000000000108e+00
1.383999999999999952e-01,-1.520007000000000108e+00
1.386000000000000010e-01,-1.440007000000000037e+00
1.388000000000000067e-01,-1.520007000000000108e+00
1.390000000000000124e-01,-1.440007000000000037e+00
1.392000000000000182e-01,-1.520007000000000108e+00
1.393999999999999961e-01,-1.440007000000000037e+00
1.396000000000000019e-01,-1.520007000000000108e+00
1.398000000000000076e-01,-1.360006999999999966e+00
1.400000000000000133e-01,-1.440007000000000037e+00
1.402000000000000191e-01,-1.200007000000000046e+00
1.403999999999999970e-01,-1.440007000000000037e+00
1.406000000000000028e-01,-1.120006999999999975e+00
1.408000000000000085e-01,-1.200007000000000046e+00
1.410000000000000142e-01,-1.040006999999999904e+00
1.412000000000000199e-01,-1.040006999999999904e+00
1.413999999999999979e-01,-8.800071000000000421e-01
1.416000000000000036e-01,-1.040006999999999904e+00
1.418000000000000094e-01,-8.000072000000000294e-01
1.420000000000000151e-01,-9.600071000000000021e-01
1.421999999999999931e-01,-6.400071999999999983e-01
1.423999999999999988e-01,-7.200071999999999584e-01
1.426000000000000045e-01,-5.600072000000000383e-01
1.428000000000000103e-01,-6.400071999999999983e-01
1.430000000000000160e-01,-4.000072000000000072e-01
1.431999999999999940e-01,-4.800072000000000227e-01
1.433999999999999997e-01,-3.200072999999999945e-01
1.436000000000000054e-01,-4.000072000000000072e-01
1.438000000000000111e-01,-8.000727000000000533e-02
1.440000000000000169e-01,-1.600072999999999912e-01
1.441999999999999948e-01,7.999272999999999800e-02
1.444000000000000006e-01,-7.271767000000000134e-06
1.446000000000000063e-01,2.399927000000000032e-01
1.448000000000000120e-01,7.999272999999999800e-02
1.450000000000000178e-01,3.999926999999999788e-01
1.451999999999999957e-01,3.199927000000000188e-01
1.454000000000000015e-01,5.599927000000000099e-01
1.456000000000000072e-01,4.799926999999999944e-01
1.458000000000000129e-01,7.199925999999999826e-01
1.460000000000000187e-01,6.399926999999999699e-01
1.461999999999999966e-01,9.599925999999999737e-01
1.464000000000000024e-01,7.999926000000000537e-01
1.466000000000000081e-01,1.119993000000000016e+00
1.468000000000000138e-01,1.039992999999999945e+00
1.470000000000000195e-01,1.199993000000000087e+00
1.471999999999999975e-01,1.359993000000000007e+00
1.474000000000000032e-01,1.119993000000000016e+00
1.476000000000000090e-01,1.279992999999999936e+00
1.478000000000000147e-01,1.439993000000000078e+00
1.480000000000000204e-01,1.359993000000000007e+00
1.481999999999999984e-01,1.599992999999999999e+00
1.484000000000000041e-01,1.519992999999999927e+00
1.486000000000000099e-01,1.679993000000000070e+00
1.488000000000000156e-01,1.519992999999999927e+00
1.489999999999999936e-01,1.679993000000000070e+00
1.491999999999999993e-01,1.519992999999999927e+00
1.494000000000000050e-01,1.679993000000000070e+00
1.496000000000000107e-01,1.519992999999999927e+00
1.498000000000000165e-01,1.679993000000000070e+00
1.499999999999999944e-01,1.599992999999999999e+00
1.502000000000000002e-01,1.359993000000000007e+00
1.504000000000000059e-01,1.519992999999999927e+00
1.506000000000000116e-01,1.359993000000000007e+00
1.508000000000000174e-01,1.439993000000000078e+00
1.509999999999999953e-01,1.279992999999999936e+00
1.512000000000000011e-01,1.359993000000000007e+00
1.514000000000000068e-01,1.119993000000000016e+00
1.516000000000000125e-01,1.199993000000000087e+00
1.518000000000000183e-01,1.039992999999999945e+00
1.519999999999999962e-01,1.119993000000000016e+00
1.522000000000000020e-01,8.799926000000000137e-01
1.524000000000000077e-01,9.599925999999999737e-01
1.526000000000000134e-01,7.999926000000000537e-01
1.528000000000000191e-01,8.799926000000000137e-01
1.529999999999999971e-01,5.599927000000000099e-01
1.532000000000000028e-01,6.399926999999999699e-01
1.534000000000000086e-01,4.799926999999999944e-01
1.536000000000000143e-01,5.599927000000000099e-01
1.538000000000000200e-01,3.199927000000000188e-01
1.539999999999999980e-01,3.999926999999999788e-01
1.542000000000000037e-01,7.999272999999999800e-02
1.544000000000000095e-01,1.599926999999999877e-01
1.546000000000000152e-01,-7.271767000000000134e-06
1.548000000000000209e-01,-7.271767000000000134e-06
1.549999999999999989e-01,-2.400073000000000067e-01
1.552000000000000046e-01,-1.600072999999999912e-01
1.554000000000000103e-01,-4.000072000000000072e-01
1.556000000000000161e-01,-3.200072999999999945e-01
1.557999999999999940e-01,-4.800072000000000227e-01
1.559999999999999998e-01,-4.000072000000000072e-01
1.562000000000000055e-01,-7.200071999999999584e-01
1.564000000000000112e-01,-6.400071999999999983e-01
1.566000000000000170e-01,-8.800071000000000421e-01
1.567999999999999949e-01,-8.000072000000000294e-01
1.570000000000000007e-01,-9.600071000000000021e-01
1.572000000000000064e-01,-8.800071000000000421e-01
1.574000000000000121e-01,-1.040006999999999904e+00
1.576000000000000179e-01,-1.040006999999999904e+00
1.577999999999999958e-01,-1.200007000000000046e+00
1.580000000000000016e-01,-1.120006999999999975e+00
1.582000000000000073e-01,-1.280006999999999895e+00
1.584000000000000130e-01,-1.200007000000000046e+00
1.586000000000000187e-01,-1.440007000000000037e+00
1.587999999999999967e-01,-1.360006999999999966e+00
1.590000000000000024e-01,-1.520007000000000108e+00
1.592000000000000082e-01,-1.520007000000000108e+00
1.594000000000000139e-01,-1.440007000000000037e+00
1.596000000000000196e-01,-1.440007000000000037e+00
1.597999999999999976e-01,-1.520007000000000108e+00
1.600000000000000033e-01,-1.520007000000000108e+00
1.602000000000000091e-01,-1.440007000000000037e+00
1.604000000000000148e-01,-1.520007000000000108e+00
1.606000000000000205e-01,-1.360006999999999966e+00
1.607999999999999985e-01,-1.360006999999999966e+00
1.610000000000000042e-01,-1.520007000000000108e+00
1.612000000000000099e-01,-1.440007000000000037e+00
1.614000000000000157e-01,-1.200007000000000046e+00
1.616000000000000214e-01,-1.280006999999999895e+00
1.617999999999999994e-01,-1.120006999999999975e+00
1.620000000000000051e-01,-1.200007000000000046e+00
1.622000000000000108e-01,-9.600071000000000021e-01
1.624000000000000166e-01,-1.040006999999999904e+00
1.625999999999999945e-01,-8.800071000000000421e-01
1.628000000000000003e-01,-9.600071000000000021e-01
1.630000000000000060e-01,-8.000072000000000294e-01
1.632000000000000117e-01,-8.800071000000000421e-01
1.634000000000000175e-01,-6.400071999999999983e-01
1.635999999999999954e-01,-7.200071999999999584e-01
1.638000000000000012e-01,-4.000072000000000072e-01
1.640000000000000069e-01,-6.400071999999999983e-01
1.642000000000000126e-01,-3.200072999999999945e-01
1.644000000000000183e-01,-4.000072000000000072e-01
1.645999999999999963e-01,-1.600072999999999912e-01
1.648000000000000020e-01,-2.400073000000000067e-01
1.650000000000000078e-01,7.999272999999999800e-02
1.652000000000000135e-01,-7.271767000000000134e-06
1.654000000000000192e-01,1.599926999999999877e-01
1.655999999999999972e-01,7.999272999999999800e-02
1.658000000000000029e-01,3.199927000000000188e-01
1.660000000000000087e-01,2.399927000000000032e-01
1.662000000000000144e-01,4.799926999999999944e-01
1.664000000000000201e-01,4.799926999999999944e-01
1.665999999999999981e-01,6.399926999999999699e-01
1.668000000000000038e-01,5.599927000000000099e-01
1.670000000000000095e-01,8.799926000000000137e-01
1.672000000000000153e-01,7.999926000000000537e-01
1.674000000000000210e-01,9.599925999999999737e-01
1.675999999999999990e-01,8.799926000000000137e-01
1.678000000000000047e-01,1.199993000000000087e+00
1.680000000000000104e-01,1.039992999999999945e+00
1.682000000000000162e-01,1.359993000000000007e+00
1.684000000000000219e-01,1.279992999999999936e+00
1.685999999999999999e-01,1.439993000000000078e+00
1.688000000000000056e-01,1.439993000000000078e+00
1.690000000000000113e-01,1.359993000000000007e+00
1.692000000000000171e-01,1.359993000000000007e+00
1.693999999999999950e-01,1.599992999999999999e+00
1.696000000000000008e-01,1.519992999999999927e+00
1.698000000000000065e-01,1.599992999999999999e+00
1.700000000000000122e-01,1.519992999999999927e+00
1.702000000000000179e-01,1.679993000000000070e+00
1.703999999999999959e-01,1.679993000000000070e+00
1.706000000000000016e-01,1.519992999999999927e+00
1.708000000000000074e-01,1.519992999999999927e+00
1.710000000000000131e-01,1.599992999999999999e+00
1.712000000000000188e-01,1.599992999999999999e+00
1.713999999999999968e-01,1.359993000000000007e+00
1.716000000000000025e-01,1.439993000000000078e+00
1.718000000000000083e-01,1.279992999999999936e+00
1.720000000000000140e-01,1.359993000000000007e+00
1.722000000000000197e-01,1.119993000000000016e+00
1.723999999999999977e-01,1.119993000000000016e+00
1.726000000000000034e-01,1.359993000000000007e+00
1.728000000000000091e-01,1.199993000000000087e+00
1.730000000000000149e-01,9.599925999999999737e-01
1.732000000000000206e-01,1.119993000000000016e+00
1.733999999999999986e-01,7.999926000000000537e-01
1.736000000000000043e-01,8.799926000000000137e-01
1.738000000000000100e-01,6.399926999999999699e-01
1.740000000000000158e-01,7.199925999999999826e-01
1.742000000000000215e-01,5.599927000000000099e-01
1.743999999999999995e-01,6.399926999999999699e-01
1.746000000000000052e-01,4.799926999999999944e-01
1.748000000000000109e-01,4.799926999999999944e-01
1.750000000000000167e-01,2.399927000000000032e-01
1.751999999999999946e-01,3.199927000000000188e-01
1.754000000000000004e-01,7.999272999999999800e-02
1.756000000000000061e-01,1.599926999999999877e-01
1.758000000000000118e-01,-1.600072999999999912e-01
1.760000000000000175e-01,-8.000727000000000533e-02
1.761999999999999955e-01,-2.400073000000000067e-01
1.764000000000000012e-01,-2.400073000000000067e-01
1.766000000000000070e-01,-4.800072000000000227e-01
1.768000000000000127e-01,-4.000072000000000072e-01
1.770000000000000184e-01,-6.400071999999999983e-01
1.771999999999999964e-01,-5.600072000000000383e-01
1.774000000000000021e-01,-8.000072000000000294e-01
1.776000000000000079e-01,-6.400071999999999983e-01
1.778000000000000136e-01,-9.600071000000000021e-01
1.780000000000000193e-01,-8.800071000000000421e-01
1.781999999999999973e-01,-1.040006999999999904e+00
1.784000000000000030e-01,-1.040006999999999904e+00
1.786000000000000087e-01,-1.200007000000000046e+00
1.788000000000000145e-01,-1.120006999999999975e+00
1.790000000000000202e-01,-1.280006999999999895e+00
1.791999999999999982e-01,-1.200007000000000046e+00
1.794000000000000039e-01,-1.440007000000000037e+00
1.796000000000000096e-01,-1.360006999999999966e+00
1.798000000000000154e-01,-1.520007000000000108e+00
1.800000000000000211e-01,-1.520007000000000108e+00
1.801999999999999991e-01,-1.360006999999999966e+00
1.804000000000000048e-01,-1.520007000000000108e+00
1.806000000000000105e-01,-1.440007000000000037e+00
1.808000000000000163e-01,-1.520007000000000108e+00
1.810000000000000220e-01,-1.440007000000000037e+00
1.812000000000000000e-01,-1.520007000000000108e+00
1.814000000000000057e-01,-1.440007000000000037e+00
1.816000000000000114e-01,-1.520007000000000108e+00
1.818000000000000171e-01,-1.360006999999999966e+00
1.819999999999999951e-01,-1.440007000000000037e+00
1.822000000000000008e-01,-1.200007000000000046e+00
1.824000000000000066e-01,-1.280006999999999895e+00
1.826000000000000123e-01,-1.120006999999999975e+00
1.828000000000000180e-01,-1.280006999999999895e+00
1.829999999999999960e-01,-1.040006999999999904e+00
1.832000000000000017e-01,-1.040006999999999904e+00
1.834000000000000075e-01,-8.800071000000000421e-01
1.836000000000000132e-01,-9.600071000000000021e-01
1.838000000000000189e-01,-8.000072000000000294e-01
1.839999999999999969e-01,-8.800071000000000421e-01
1.842000000000000026e-01,-6.400071999999999983e-01
1.844000000000000083e-01,-7.200071999999999584e-01
1.846000000000000141e-01,-5.600072000000000383e-01
1.848000000000000198e-01,-6.400071999999999983e-01
1.849999999999999978e-01,-4.000072000000000072e-01
1.852000000000000035e-01,-4.800072000000000227e-01
1.854000000000000092e-01,-1.600072999999999912e-01
1.856000000000000150e-01,-2.400073000000000067e-01
1.858000000000000207e-01,-8.000727000000000533e-02
1.859999999999999987e-01,-1.600072999999999912e-01
1.862000000000000044e-01,1.599926999999999877e-01
1.864000000000000101e-01,-7.271767000000000134e-06
1.866000000000000159e-01,3.199927000000000188e-01
1.868000000000000216e-01,2.399927000000000032e-01
1.869999999999999996e-01,3.999926999999999788e-01
1.872000000000000053e-01,3.199927000000000188e-01
1.874000000000000110e-01,5.599927000000000099e-01
1.876000000000000167e-01,4.799926999999999944e-01
1.878000000000000225e-01,7.199925999999999826e-01
1.880000000000000004e-01,6.399926999999999699e-01
1.882000000000000062e-01,8.799926000000000137e-01
1.884000000000000119e-01,7.999926000000000537e-01
1.886000000000000176e-01,1.119993000000000016e+00
1.887999999999999956e-01,1.039992999999999945e+00
1.890000000000000013e-01,1.199993000000000087e+00
1.892000000000000071e-01,1.119993000000000016e+00
1.894000000000000128e-01,1.359993000000000007e+00
1.896000000000000185e-01,1.279992999999999936e+00
1.897999999999999965e-01,1.439993000000000078e+00
1.900000000000000022e-01,1.359993000000000007e+00
1.902000000000000079e-01,1.599992999999999999e+00
1.904000000000000137e-01,1.519992999999999927e+00
1.906000000000000194e-01,1.679993000000000070e+00
1.907999999999999974e-01,1.519992999999999927e+00
1.910000000000000031e-01,1.679993000000000070e+00
1.912000000000000088e-01,1.519992999999999927e+00
1.914000000000000146e-01,1.679993000000000070e+00
1.916000000000000203e-01,1.519992999999999927e+00
1.917999999999999983e-01,1.599992999999999999e+00
1.920000000000000040e-01,1.599992999999999999e+00
1.922000000000000097e-01,1.359993000000000007e+00
1.924000000000000155e-01,1.439993000000000078e+00
1.926000000000000212e-01,1.279992999999999936e+00
1.927999999999999992e-01,1.279992999999999936e+00
1.930000000000000049e-01,1.439993000000000078e+00
1.932000000000000106e-01,1.359993000000000007e+00
1.934000000000000163e-01,1.119993000000000016e+00
1.936000000000000221e-01,1.199993000000000087e+00
1.938000000000000000e-01,1.039992999999999945e+00
1.940000000000000058e-01,1.119993000000000016e+00
1.942000000000000115e-01,8.799926000000000137e-01
1.944000000000000172e-01,9.599925999999999737e-01
1.946000000000000230e-01,7.999926000000000537e-01
1.948000000000000009e-01,8.799926000000000137e-01
1.950000000000000067e-01,5.599927000000000099e-01
1.952000000000000124e-01,7.199925999999999826e-01
1.954000000000000181e-01,4.799926999999999944e-01
1.955999999999999961e-01,6.399926999999999699e-01
1.958000000000000018e-01,3.199927000000000188e-01
1.960000000000000075e-01,3.999926999999999788e-01
1.962000000000000133e-01,7.999272999999999800e-02
1.964000000000000190e-01,1.599926999999999877e-01
1.965999999999999970e-01,-7.271767000000000134e-06
1.968000000000000027e-01,7.999272999999999800e-02
1.970000000000000084e-01,-2.400073000000000067e-01
1.972000000000000142e-01,-1.600072999999999912e-01
1.974000000000000199e-01,-4.000072000000000072e-01
1.975999999999999979e-01,-3.200072999999999945e-01
1.978000000000000036e-01,-6.400071999999999983e-01
1.980000000000000093e-01,-5.600072000000000383e-01
1.982000000000000151e-01,-7.200071999999999584e-01
1.984000000000000208e-01,-6.400071999999999983e-01
1.985999999999999988e-01,-8.800071000000000421e-01
1.988000000000000045e-01,-8.000072000000000294e-01
1.990000000000000102e-01,-9.600071000000000021e-01
1.992000000000000159e-01,-8.800071000000000421e-01
1.994000000000000217e-01,-1.200007000000000046e+00
1.995999999999999996e-01,-9.600071000000000021e-01
1.998000000000000054e-01,-1.280006999999999895e+00
2.000000000000000111e-01,-1.120006999999999975e+00
2.002000000000000168e-01,-1.360006999999999966e+00
2.004000000000000226e-01,-1.440007000000000037e+00
2.006000000000000005e-01,-1.200007000000000046e+00
2.008000000000000063e-01,-1.360006999999999966e+00
2.010000000000000120e-01,-1.520007000000000108e+00
2.012000000000000177e-01,-1.360006999999999966e+00
2.014000000000000234e-01,-1.520007000000000108e+00
2.016000000000000014e-01,-1.520007000000000108e+00
2.018000000000000071e-01,-1.440007000000000037e+00
2.020000000000000129e-01,-1.440007000000000037e+00
2.022000000000000186e-01,-1.520007000000000108e+00
2.023999999999999966e-01,-1.520007000000000108e+00
2.026000000000000023e-01,-1.360006999999999966e+00
2.028000000000000080e-01,-1.360006999999999966e+00
2.030000000000000138e-01,-1.440007000000000037e+00
2.032000000000000195e-01,-1.440007000000000037e+00
2.033999999999999975e-01,-1.200007000000000046e+00
2.036000000000000032e-01,-1.280006999999999895e+00
2.038000000000000089e-01,-1.120006999999999975e+00
2.040000000000000147e-01,-1.200007000000000046e+00
2.042000000000000204e-01,-8.800071000000000421e-01
2.043999999999999984e-01,-1.040006999999999904e+00
2.046000000000000041e-01,-8.800071000000000421e-01
2.048000000000000098e-01,-9.600071000000000021e-01
2.050000000000000155e-01,-7.200071999999999584e-01
2.052000000000000213e-01,-8.000072000000000294e-01
2.053999999999999992e-01,-5.600072000000000383e-01
2.056000000000000050e-01,-6.400071999999999983e-01
2.058000000000000107e-01,-4.000072000000000072e-01
2.060000000000000164e-01,-4.800072000000000227e-01
2.062000000000000222e-01,-3.200072999999999945e-01
2.064000000000000001e-01,-4.000072000000000072e-01
2.066000000000000059e-01,-8.000727000000000533e-02
2.068000000000000116e-01,-2.400073000000000067e-01
2.070000000000000173e-01,7.999272999999999800e-02
2.072000000000000230e-01,-7.271767000000000134e-06
2.074000000000000010e-01,1.599926999999999877e-01
2.076000000000000068e-01,7.999272999999999800e-02
2.078000000000000125e-01,3.999926999999999788e-01
2.080000000000000182e-01,2.399927000000000032e-01
2.081999999999999962e-01,5.599927000000000099e-01
2.084000000000000019e-01,4.799926999999999944e-01
2.086000000000000076e-01,6.399926999999999699e-01
2.088000000000000134e-01,5.599927000000000099e-01
2.090000000000000191e-01,8.799926000000000137e-01
2.091999999999999971e-01,7.199925999999999826e-01
2.094000000000000028e-01,9.599925999999999737e-01
2.096000000000000085e-01,8.799926000000000137e-01
2.098000000000000143e-01,1.199993000000000087e+00
2.100000000000000200e-01,1.119993000000000016e+00
2.101999999999999980e-01,1.359993000000000007e+00
2.104000000000000037e-01,1.279992999999999936e+00
2.106000000000000094e-01,1.439993000000000078e+00
2.108000000000000151e-01,1.359993000000000007e+00
2.110000000000000209e-01,1.599992999999999999e+00
2.111999999999999988e-01,1.519992999999999927e+00
2.114000000000000046e-01,1.599992999999999999e+00
2.116000000000000103e-01,1.519992999999999927e+00
2.118000000000000160e-01,1.679993000000000070e+00
2.120000000000000218e-01,1.519992999999999927e+00
2.121999999999999997e-01,1.679993000000000070e+00
2.124000000000000055e-01,1.519992999999999927e+00
2.126000000000000112e-01,1.599992999999999999e+00
2.128000000000000169e-01,1.599992999999999999e+00
2.130000000000000226e-01,1.439993000000000078e+00
2.132000000000000006e-01,1.519992999999999927e+00
2.134000000000000064e-01,1.359993000000000007e+00
2.136000000000000121e-01,1.439993000000000078e+00
2.138000000000000178e-01,1.279992999999999936e+00
2.140000000000000235e-01,1.279992999999999936e+00
2.142000000000000015e-01,1.359993000000000007e+00
2.144000000000000072e-01,1.359993000000000007e+00
2.146000000000000130e-01,1.119993000000000016e+00
2.148000000000000187e-01,1.199993000000000087e+00
2.149999999999999967e-01,1.039992999999999945e+00
2.152000000000000024e-01,1.119993000000000016e+00
2.154000000000000081e-01,7.999926000000000537e-01
2.156000000000000139e-01,9.599925999999999737e-01
2.158000000000000196e-01,6.399926999999999699e-01
2.159999999999999976e-01,7.199925999999999826e-01
2.162000000000000033e-01,5.599927000000000099e-01
2.164000000000000090e-01,6.399926999999999699e-01
2.166000000000000147e-01,3.199927000000000188e-01
2.168000000000000205e-01,3.999926999999999788e-01
2.169999999999999984e-01,2.399927000000000032e-01
2.172000000000000042e-01,3.199927000000000188e-01
2.174000000000000099e-01,-7.271767000000000134e-06
2.176000000000000156e-01,7.999272999999999800e-02
2.178000000000000214e-01,-1.600072999999999912e-01
2.179999999999999993e-01,-8.000727000000000533e-02
2.182000000000000051e-01,-4.000072000000000072e-01
2.184000000000000108e-01,-3.200072999999999945e-01
2.186000000000000165e-01,-4.800072000000000227e-01
2.188000000000000222e-01,-4.000072000000000072e-01
2.190000000000000002e-01,-7.200071999999999584e-01
2.192000000000000060e-01,-6.400071999999999983e-01
2.194000000000000117e-01,-8.800071000000000421e-01
2.196000000000000174e-01,-8.000072000000000294e-01
2.198000000000000231e-01,-9.600071000000000021e-01
2.200000000000000011e-01,-8.800071000000000421e-01
2.202000000000000068e-01,-1.040006999999999904e+00
2.204000000000000126e-01,-9.600071000000000021e-01
2.206000000000000183e-01,-1.200007000000000046e+00
2.208000000000000240e-01,-1.120006999999999975e+00
2.210000000000000020e-01,-1.280006999999999895e+00
2.212000000000000077e-01,-1.200007000000000046e+00
2.214000000000000135e-01,-1.440007000000000037e+00
2.216000000000000192e-01,-1.360006999999999966e+00
2.217999999999999972e-01,-1.520007000000000108e+00
2.220000000000000029e-01,-1.520007000000000108e+00
2.222000000000000086e-01,-1.360006999999999966e+00
2.224000000000000143e-01,-1.520007000000000108e+00
2.226000000000000201e-01,-1.440007000000000037e+00
2.227999999999999980e-01,-1.440007000000000037e+00
2.230000000000000038e-01,-1.520007000000000108e+00
2.232000000000000095e-01,-1.520007000000000108e+00
2.234000000000000152e-01,-1.440007000000000037e+00
2.236000000000000210e-01,-1.520007000000000108e+00
2.237999999999999989e-01,-1.360006999999999966e+00
2.240000000000000047e-01,-1.440007000000000037e+00
2.242000000000000104e-01,-1.200007000000000046e+00
2.244000000000000161e-01,-1.280006999999999895e+00
2.246000000000000218e-01,-1.120006999999999975e+00
2.247999999999999998e-01,-1.200007000000000046e+00
2.250000000000000056e-01,-1.040006999999999904e+00
2.252000000000000113e-01,-1.040006999999999904e+00
2.254000000000000170e-01,-8.800071000000000421e-01
2.256000000000000227e-01,-9.600071000000000021e-01
2.258000000000000007e-01,-8.000072000000000294e-01
2.260000000000000064e-01,-8.800071000000000421e-01
2.262000000000000122e-01,-6.400071999999999983e-01
2.264000000000000179e-01,-7.200071999999999584e-01
2.266000000000000236e-01,-5.600072000000000383e-01
2.268000000000000016e-01,-6.400071999999999983e-01
2.270000000000000073e-01,-4.000072000000000072e-01
2.272000000000000131e-01,-4.800072000000000227e-01
2.274000000000000188e-01,-1.600072999999999912e-01
2.276000000000000245e-01,-2.400073000000000067e-01
2.278000000000000025e-01,-8.000727000000000533e-02
2.280000000000000082e-01,-1.600072999999999912e-01
2.282000000000000139e-01,1.599926999999999877e-01
2.284000000000000197e-01,-7.271767000000000134e-06
2.285999999999999976e-01,2.399927000000000032e-01
2.288000000000000034e-01,2.399927000000000032e-01
2.290000000000000091e-01,3.999926999999999788e-01
2.292000000000000148e-01,3.199927000000000188e-01
2.294000000000000206e-01,5.599927000000000099e-01
2.295999999999999985e-01,4.799926999999999944e-01
2.298000000000000043e-01,7.199925999999999826e-01
2.300000000000000100e-01,6.399926999999999699e-01
2.302000000000000157e-01,9.599925999999999737e-01
2.304000000000000214e-01,8.799926000000000137e-01
2.305999999999999994e-01,1.119993000000000016e+00
2.308000000000000052e-01,1.039992999999999945e+00
2.310000000000000109e-01,1.359993000000000007e+00
2.312000000000000166e-01,1.119993000000000016e+00
2.314000000000000223e-01,1.359993000000000007e+00
2.316000000000000003e-01,1.279992999999999936e+00
2.318000000000000060e-01,1.599992999999999999e+00
2.320000000000000118e-01,1.599992999999999999e+00
2.322000000000000175e-01,1.359993000000000007e+00
2.324000000000000232e-01,1.519992999999999927e+00
2.326000000000000012e-01,1.679993000000000070e+00
2.328000000000000069e-01,1.519992999999999927e+00
2.330000000000000127e-01,1.679993000000000070e+00
2.332000000000000184e-01,1.519992999999999927e+00
2.334000000000000241e-01,1.679993000000000070e+00
2.336000000000000021e-01,1.519992999999999927e+00
2.338000000000000078e-01,1.599992999999999999e+00
2.340000000000000135e-01,1.599992999999999999e+00
2.342000000000000193e-01,1.359993000000000007e+00
2.344000000000000250e-01,1.439993000000000078e+00
2.346000000000000030e-01,1.359993000000000007e+00
2.348000000000000087e-01,1.439993000000000078e+00
2.350000000000000144e-01,1.279992999999999936e+00
2.352000000000000202e-01,1.359993000000000007e+00
2.353999999999999981e-01,1.119993000000000016e+00
2.356000000000000039e-01,1.199993000000000087e+00
2.358000000000000096e-01,1.039992999999999945e+00
2.360000000000000153e-01,1.119993000000000016e+00
2.362000000000000210e-01,8.799926000000000137e-01
2.363999999999999990e-01,9.599925999999999737e-01
2.366000000000000048e-01,7.999926000000000537e-01
2.368000000000000105e-01,8.799926000000000137e-01
2.370000000000000162e-01,5.599927000000000099e-01
2.372000000000000219e-01,6.399926999999999699e-01
2.373999999999999999e-01,4.799926999999999944e-01
2.376000000000000056e-01,5.599927000000000099e-01
2.378000000000000114e-01,3.199927000000000188e-01
2.380000000000000171e-01,3.999926999999999788e-01
2.382000000000000228e-01,7.999272999999999800e-02
2.384000000000000008e-01,1.599926999999999877e-01
2.386000000000000065e-01,-1.600072999999999912e-01
2.388000000000000123e-01,-8.000727000000000533e-02
2.390000000000000180e-01,-2.400073000000000067e-01
2.392000000000000237e-01,-1.600072999999999912e-01
2.394000000000000017e-01,-4.000072000000000072e-01
2.396000000000000074e-01,-3.200072999999999945e-01
2.398000000000000131e-01,-6.400071999999999983e-01
